,source,target,value
0,Naruto,Sasuke,877
1,Sakura,Sasuke,459
2,Naruto,Sakura,404
3,Hinata,Naruto,358
4,Orochimaru,Sasuke,279
5,Akamaru,Kiba,247
6,Kurenai,Yakumo,227
7,Kakashi,Sasuke,220
8,Kiba,Naruto,218
9,Naruto,Tsunade,194
10,Akamaru,Naruto,180
11,Ino,Sakura,153
12,Kakashi,Naruto,152
13,Naruto,Neji,142
14,Naruto,Orochimaru,127
15,Iruka,Naruto,124
16,Lee,Naruto,119
17,Guy,Lee,110
18,Lee,Sasuke,108
19,Gaara,Sasuke,105
20,Choji,Naruto,105
21,Burn,Oli,104
22,Hinata,Kiba,95
23,Naruto,Shikamaru,94
24,Arashi,Sasame,92
25,Orochimaru,Tsunade,88
26,Hokage,Naruto,88
27,Raiga,Ranmaru,84
28,Akio,Gantetsu,83
29,Hinata,Neji,83
30,Choji,Shikamaru,82
31,Sasuke,Shikamaru,82
32,Jiraiya,Naruto,81
33,Akahoshi,Sumaru,80
34,Chishima,Toki,80
35,Mizuki,Naruto,76
36,Gaara,Naruto,74
37,Hinata,Shino,70
38,Orochimaru,Sasame,70
39,Naruto,–,70
40,Iruka,Mizuki,69
41,Moso,Sagi,68
42,Kakashi,Sakura,68
43,Neji,Sasuke,67
44,Naruto,Shino,66
45,Lee,Sakura,65
46,Ino,Sasuke,65
47,Gaara,Lee,64
48,Naruto,Pervy,64
49,Arashi,Orochimaru,62
50,Itachi,Sasuke,60
51,Kurenai,Naruto,60
52,Sagi,Toki,59
53,Byakugan,Naruto,59
54,Sasuke,Tsunade,58
55,Lee,Neji,57
56,Komei,Moso,54
57,Naruto,Zabuza,53
58,Akamaru,Hinata,53
59,Jiraiya,Tsunade,53
60,Naruto,Rasengan,53
61,Jutsu,Sasuke,51
62,Hokage,Sasuke,51
63,Choji,Hinata,50
64,Arashi,Naruto,50
65,Konohamaru,Naruto,50
66,Komei,Sagi,50
67,Naruto,Yakumo,47
68,Mizuki,Orochimaru,46
69,Jutsu,Naruto,45
70,Bushy,Lee,44
71,Kabuto,Sasuke,44
72,Kiba,Shino,44
73,Gantetsu,Todoroki,43
74,Chishima,Naruto,43
75,Byakugan,Hinata,43
76,Choji,Neji,42
77,Akio,Todoroki,41
78,Kakashi,Zabuza,41
79,Guy,Naruto,41
80,Menma,Naruto,41
81,Sasuke,Uchiha,40
82,Choji,Kiba,40
83,Choji,Sasuke,40
84,Bushy,Naruto,39
85,Kimimaro,Orochimaru,39
86,Naruto,Ninja,39
87,Hinata,Sasuke,39
88,Byakugan,Neji,39
89,Naruto,Toki,37
90,Jiraiya,Orochimaru,37
91,Naruto,Tazuna,37
92,Natsuhiboshi,Sumaru,36
93,Sakura,Shikamaru,36
94,Kurenai,Sensei,35
95,Kakashi,Lee,34
96,Choji,Ino,34
97,Ino,Naruto,34
98,Chishima,Sagi,34
99,Naruto,Sasame,34
100,Chidori,Sasuke,34
101,Sasuke,Yoroi,33
102,Haruna,Naruto,33
103,Gantetsu,Naruto,32
104,Shizune,Tsunade,32
105,Guy,Sasuke,32
106,Anko,Orochimaru,32
107,Ino,Shikamaru,32
108,Akio,Naruto,31
109,Sakura,Tsunade,31
110,Guy,Kakashi,31
111,Karashi,Sansho,31
112,Kurenai,Sakura,31
113,Jiraiya,Pervy,30
114,Haruna,Kikunojou,30
115,Orochimaru,Sakura,30
116,Hokage,Tsunade,30
117,Hanzaki,Sasame,30
118,Sensei,Yakumo,30
119,Kiba,Shikamaru,30
120,Hinata,Kurenai,29
121,Kurenai,Shino,29
122,Natsuhi,Sumaru,29
123,Hanzaki,Orochimaru,29
124,Kiba,Sasuke,29
125,Kiba,Neji,29
126,Choji,Yurinojou,28
127,Chunin,Sasuke,28
128,Ninja,Sasuke,28
129,Murakumo,Yakumo,28
130,Kabuto,Orochimaru,28
131,Owashi,Sagi,28
132,Naruto,Yurinojou,27
133,Naruto,Sagi,27
134,Arashi,Sasuke,27
135,Kiba,Kurenai,27
136,Neji,Tenten,27
137,Fujin,Raijin,27
138,Guy,Sakura,26
139,Iruka,Sasuke,26
140,Itachi,Naruto,26
141,Chen,Peking,26
142,Sasuke,Zabuza,25
143,Moso,Owashi,25
144,Hinata,Sakura,25
145,Hiashi,Hizashi,25
146,Lee,Tenten,24
147,Gaara,Kankuro,24
148,Akamaru,Sasuke,24
149,Sakura,Sasame,24
150,Naruto,Sensei,24
151,Naruto,the,24
152,Kabuto,Tsunade,24
153,Komei,Owashi,24
154,Gaara,Yashamaru,23
155,Pervy,Sasuke,23
156,Manda,Orochimaru,23
157,Naruto,Shizune,23
158,Itachi,Kisame,23
159,Naruto,Tenten,23
160,Hokage,Orochimaru,23
161,Naruto,The,23
162,Akamaru,Tsunade,23
163,Neji,Shikamaru,23
164,Orochimaru,Pervy,23
165,Akamaru,Shino,23
166,Hokage,Iruka,23
167,Mizuki,Tsubaki,23
168,Genno,Naruto,23
169,Haku,Sasuke,23
170,Akamaru,Fang,23
171,Gaara,Neji,22
172,Kakashi,Orochimaru,22
173,Sasuke,Sharingan,22
174,Kiba,Yakumo,22
175,Konohamaru,Tsunade,22
176,Choji,Sakura,22
177,Jiraiya,Sasame,21
178,Kikunojou,Naruto,21
179,Sasuke,Sensei,21
180,Orochimaru,Shizune,21
181,Gaara,Sakura,21
182,Kakashi,Tsunade,21
183,Hinata,Yakumo,21
184,Naruto,Sumaru,21
185,Hinata,Tsunade,21
186,Bushy,Sasuke,20
187,Iruka,Orochimaru,20
188,Sasuke,Tazuna,20
189,Burn,Tsunade,20
190,Gaara,Temari,20
191,Hinata,Yurinojou,20
192,Pervy,Sakura,20
193,Yakumo,Yuhi,20
194,Guy,Neji,20
195,Tonton,Tsunade,20
196,Sakura,Yakumo,20
197,Gaara,Kakashi,19
198,Hinata,Shikamaru,19
199,Mizuki,Raijin,19
200,Kiba,Tsunade,19
201,Akahoshi,Natsuhi,19
202,Akahoshi,Neji,19
203,Kabuto,Naruto,19
204,Jonin,Naruto,19
205,Kiba,Sakura,19
206,Karashi,Lee,18
207,Gaara,Uchiha,18
208,Sannin,Tsunade,18
209,Karashi,Raiga,18
210,Haruna,Hinata,18
211,Dan,Tsunade,18
212,Gaara,Kazekage,18
213,Genno,Shikamaru,18
214,Akahoshi,Hoshikage,18
215,Harmonia,Sasuke,18
216,Neji,Sumaru,18
217,Orochimaru,Sarutobi,18
218,Kakashi,Kurenai,18
219,Jutsu,Orochimaru,18
220,Akamaru,Choji,18
221,Mizuki,Tsunade,17
222,Shikamaru,Tsunade,17
223,Lee,Tsunade,17
224,Itachi,Kakashi,17
225,Hoshikage,Sumaru,17
226,Arashi,Hanzaki,17
227,Gaara,Shikamaru,17
228,Iruka,Tsubaki,17
229,Fujin,Mizuki,17
230,Akahoshi,Naruto,17
231,Jonin,Sasuke,17
232,Owashi,Toki,17
233,Gaara,–,17
234,Kagero,Sasame,17
235,Guy,Yagura,17
236,Haku,Naruto,17
237,Choji,Haruna,17
238,Pervy,Sasame,17
239,Buddha,Sasuke,17
240,Gosunkugi,Sazanami,17
241,Asuma,Kurenai,17
242,Hokage,Konohamaru,17
243,Hokage,Kakashi,16
244,Tazuna,Zabuza,16
245,Gaara,Matsuri,16
246,saru,tori,16
247,Gantetsu,Monju,16
248,Chidori,Naruto,16
249,Naruto,Shadow,16
250,Mizura,Sumaru,16
251,Haruna,Yurinojou,16
252,Naruto,Onbu,16
253,Iruka,Tsunade,16
254,Haku,Zabuza,16
255,Byakugan,Kiba,16
256,Iruka,Konohamaru,16
257,Pervy,Tsunade,16
258,Hinata,–,16
259,Konohamaru,Moegi,16
260,Akamaru,Shikamaru,16
261,Komei,Toki,16
262,Orochimaru,the,15
263,Moso,Toki,15
264,Lee,Yagura,15
265,Hokuto,Sumaru,15
266,Konohamaru,Sasuke,15
267,Chidori,Kakashi,15
268,Sasame,Sasuke,15
269,Naruto,Raiga,15
270,Isaribi,Naruto,15
271,Hiashi,Hinata,15
272,Hinata,Lee,15
273,Bushy,Guy,15
274,Sasuke,Shino,15
275,Jiraiya,Sasuke,15
276,Chishima,a,14
277,Guy,Rokusuke,14
278,Kunihisa,Naruto,14
279,Ayame,Ryonin,14
280,Sasuke,–,14
281,Sakura,Shino,14
282,Burn,Pervy,14
283,Asuma,Orochimaru,14
284,Shino,Yakumo,14
285,Hokage,Kiba,14
286,Lee,Shikamaru,14
287,Sasuke,The,14
288,Akamaru,Sakura,14
289,Hiashi,Lightning,14
290,Bushy,Sakura,14
291,Sagi,the,14
292,Naruto,Todoroki,14
293,Chunin,Naruto,14
294,Ole,Peking,13
295,Akamaru,Byakugan,13
296,saru,ushi,13
297,Ole,Sanchez,13
298,Naruto,Shinobi,13
299,Bodimahattaya-san,Chen,13
300,Gaara,Shukaku,13
301,Asuma,Kakashi,13
302,Kikusuke,Yurinoshin,13
303,Jonin,Kurenai,13
304,Gosunkugi,Naruto,13
305,Jiraiya,Sannin,13
306,Sakura,Sensei,13
307,Bodimahattaya-san,Ole,13
308,Sasame,the,13
309,Peking,Popo,13
310,Bodimahattaya-san,Peking,13
311,Sanchez,Tyson,13
312,Ole,Tyson,13
313,Neji,Sagi,13
314,tori,ushi,13
315,Neji,Sakura,13
316,Ebisu,Naruto,13
317,Chen,Ole,13
318,Bodimahattaya-san,Popo,13
319,Chen,Popo,13
320,Hinata,Janin,13
321,Gato,Naruto,13
322,Mizuki,Sasuke,13
323,Bodimahattaya-san,Sanchez,13
324,Sasuke,the,12
325,Orochimaru,Tayuya,12
326,Hokage,Kazekage,12
327,Lee,–,12
328,Akamaru,Gosunkugi,12
329,Hinata,Hizashi,12
330,Orochimaru,Sannin,12
331,Hokage,Sakura,12
332,Kagero,Orochimaru,12
333,Inari,Kakashi,12
334,Chunin,Shikamaru,12
335,Arashi,Sakura,12
336,Sasuke,Zaku,12
337,Ichiraku,Naruto,12
338,Akatsuki,Sasuke,12
339,Chunin,Orochimaru,12
340,Bushy,Gaara,12
341,Ino,Shino,12
342,Choji,Shino,12
343,Hyuga,Neji,12
344,Ding-dong.,ding-dong-ding,12
345,Chunin,Jonin,11
346,Akamaru,Neji,11
347,Kurenai,Yuhi,11
348,Arashi,Jiraiya,11
349,Sasuke,Tayuya,11
350,Shikamaru,Shino,11
351,Genin,Naruto,11
352,Naruto,Sannin,11
353,Jirocho,Naruto,11
354,Dojo,Lee,11
355,Hyuga,Naruto,11
356,Neji,Raiga,11
357,Komei,the,11
358,Naruto,Uzumaki,11
359,Jutsu,Kakashi,11
360,Tori,uma,11
361,Aoi,Idate,11
362,Bushy,Tsunade,11
363,Harmonia,Naruto,11
364,Rasengan,Sasuke,11
365,Gaara,Sand,11
366,Chief,Naruto,11
367,Gaara,Hinata,11
368,Gosunkugi,Hinata,11
369,Guy,Tsunade,11
370,Byakugan,Yakumo,11
371,Katsuyu,Orochimaru,11
372,Kakashi,Pervy,11
373,Hayate,Orochimaru,11
374,Karashi,Ranmaru,11
375,Karashi,Kurosuki,11
376,Sakura,–,11
377,Kankuro,Temari,11
378,Burn,Naruto,11
379,Ding-dong,ding-dong-ding,10
380,Kujaku,Sumaru,10
381,Fang,Naruto,10
382,Kurosuki,Naruto,10
383,Jutsu,Sakura,10
384,Hokage,Uchiha,10
385,Kisame,Naruto,10
386,Choji,Tsunade,10
387,Iruka,Kakashi,10
388,Katsuyu,Tsunade,10
389,Hinata,Ninja,10
390,Gaara,Orochimaru,10
391,Moso,the,10
392,Kimimaro,Sasuke,10
393,Akio,Sakura,10
394,Buddha,Naruto,10
395,Akatsuki,Naruto,10
396,Gosa,Hinata,10
397,Kakashi,Kisame,10
398,Ayame,Ichiraku,10
399,Inu,Tori,10
400,Byakugan,Kurenai,10
401,Hanzaki,Jiraiya,10
402,Gantetsu,Ninja,10
403,Saru,Tori,10
404,Kekkei,Sasuke,10
405,Kunihisa,Tsunade,10
406,Ne,Tori,10
407,Kakashi,Kiba,10
408,Ino,Kakashi,10
409,Byakugan,Sasuke,10
410,Gamabunta,Jiraiya,10
411,Hitsuji,Tori,10
412,Rock,Sasuke,10
413,Tsunade,the,10
414,Yakumo,an,10
415,Genno,Tsunade,10
416,Chishima,Komei,10
417,Naruto,Ranmaru,10
418,Tori,saru,10
419,Naruto,Tsubaki,10
420,Karashi,Rokusuke,10
421,Gaara,Hokage,10
422,Sagi,Tenten,10
423,Hitsuji,Inu,10
424,Owashi,the,10
425,Kabuto,Kimimaro,10
426,Naruto,Uchiha,10
427,Hotarubi,Sumaru,10
428,Kankuro,Sasuke,10
429,Choji,Lee,10
430,Neji,Ranmaru,10
431,Lee,Rock,10
432,Neji,Shino,10
433,Kakashi,Tazuna,10
434,Neji,Tsunade,10
435,Amachi,Orochimaru,10
436,Tori,tori,10
437,Karashi,Naruto,10
438,Jiraiya,the,10
439,Shino,Zaku,10
440,Naruto,lruka,9
441,Akio,Shura,9
442,Idate,Sakura,9
443,Hinata,Jiga,9
444,Kakashi,Sharingan,9
445,Hinata,Hyuga,9
446,Choji,Ninja,9
447,Kakashi,Shikamaru,9
448,Hinata,Kikunojou,9
449,Arashi,Kagero,9
450,Kiba,–,9
451,Akamaru,–,9
452,Gantetsu,Sakura,9
453,Kurenai,Tsunade,9
454,Naruto,Natsuhi,9
455,Nawaki,Tsunade,9
456,Kurenai,Unkai,9
457,Kakashi,Shino,9
458,Sakon,Tayuya,9
459,Tori,ushi,9
460,Gatsu,Tokichi,9
461,Temari,Tenten,9
462,Gaara,Seimei,9
463,Sakura,the,9
464,Idate,Naruto,9
465,Orochimaru,The,9
466,Ino,Lee,9
467,Kunoichi,Sakura,9
468,Ino,Kiba,9
469,Kazekage,Orochimaru,9
470,Isaribi,Orochimaru,9
471,Gamabunta,Naruto,9
472,Naruto,Udon,9
473,Genin,Sasuke,9
474,Kazekage,Sasuke,9
475,Arashi,Jigumo,9
476,An,Yakumo,9
477,Kakashi,the,9
478,Karashi,Tenten,9
479,Jirobo,Tayuya,9
480,Dojo,Naruto,9
481,Kiba,Lee,9
482,Cursed,Sagi,9
483,Itachi,Orochimaru,9
484,Chishima,Moso,9
485,Orochimaru,Tsubaki,9
486,Byakugan,Shino,9
487,Lee,Sensei,9
488,Haku,Kakashi,9
489,Hiashi,Ninja,8
490,Ino,Tsunade,8
491,Rasengan,–,8
492,Pervy,Shizune,8
493,Akahoshi,Hokuto,8
494,Choji,Genno,8
495,Hitsuji,Uma,8
496,Kakashi,Ninja,8
497,Janin,Naruto,8
498,Sasuke,Shinobi,8
499,Burn,Sasuke,8
500,Jonin,Orochimaru,8
501,Genin,Neji,8
502,Genno,Leaf,8
503,Neji,Ninja,8
504,Akahoshi,Hotarubi,8
505,Lee,Ninja,8
506,Gato,Tazuna,8
507,Futa,Naruto,8
508,Hitsuji,Saru,8
509,Inu,Ne,8
510,Jiraiya,Toad,8
511,Hitsuji,Ne,8
512,Guy,Karashi,8
513,Kurenai,Murakumo,8
514,Mizura,Naruto,8
515,Byakugan,Shikamaru,8
516,Inu,Saru,8
517,Inari,Naruto,8
518,Kurenai,Orochimaru,8
519,Mizuki,Shikamaru,8
520,Guy,Tenten,8
521,Hoki,Sagi,8
522,Saru,Tatsu,8
523,Kurenai,Sasuke,8
524,Moso,Naruto,8
525,Burn,Orochimaru,8
526,Hokage,Sarutobi,8
527,Inu,Uma,8
528,Ne,Uma,8
529,Choji,Iruka,8
530,Gaara,Rock,8
531,Konohamaru,Lee,8
532,Tori,Uma,8
533,Kikusuke,Naruto,8
534,Jin,Tori,8
535,Ne,Tatsu,8
536,Orochimaru,Shikamaru,8
537,Jin,saru,8
538,Hizashi,Hyuga,8
539,Kisame,Raiga,8
540,Iruka,Rasengan,8
541,Mai,Shino,8
542,Akatsuki,Orochimaru,8
543,Unkai,Yakumo,8
544,Hokuto,Mizura,8
545,Fang,Kiba,8
546,Toki,a,8
547,The,Toki,8
548,Buddha,Choji,8
549,Jonin,Yakumo,8
550,The,the,8
551,Kakashi,Neji,8
552,Ne,Saru,8
553,Kisame,Zabuza,8
554,Jin,tori,8
555,Tatsu,Tori,8
556,Sumaru,the,7
557,Raijin,Tsunade,7
558,Hiashi,Neji,7
559,Anko,Hokage,7
560,Jirocho,Wagarashi,7
561,Jirobo,Sakon,7
562,Sumaru,Tenten,7
563,The,Tsunade,7
564,Lee,Sumaru,7
565,Jirobo,Kidomaru,7
566,Haruna,Kikusuke,7
567,Shadow,Sumaru,7
568,Roger,Sasuke,7
569,Bushy,Kakashi,7
570,Ayame,Teuchi,7
571,Sharingan,Zabuza,7
572,Orochimaru,Raijin,7
573,Tori,Ushi,7
574,Kakashi,Sagi,7
575,Haku,Sakura,7
576,Sakura,The,7
577,Boss,Naruto,7
578,Iruka,Sakura,7
579,saru,uma,7
580,Sasuke,Temari,7
581,Burn,Jiraiya,7
582,Sakura,Tazuna,7
583,Oli,Tsunade,7
584,Hokage,Kurenai,7
585,tori,uma,7
586,Orochimaru,Yoroi,7
587,Akamaru,Yakumo,7
588,Karashi,Neji,7
589,Sakura,Zabuza,7
590,Asuma,Naruto,7
591,Genin,Hinata,7
592,Kikunojou,Kikusuke,7
593,Old,Yakumo,7
594,Manda,Tsunade,7
595,Fujin,Tsunade,7
596,Neji,Orochimaru,7
597,Kazekage,Yashamaru,7
598,Genno,Hinata,7
599,Naruto,Roger,7
600,Kurenai,Lee,7
601,Lee,Sansho,7
602,Naruto,Ya,7
603,Choji,Mizuki,7
604,Naruto,Proctor,7
605,Asuma,Shikamaru,7
606,Cursed,Moso,7
607,Nine-Tailed,Sasuke,7
608,Chunin,Hokage,7
609,uma,ushi,7
610,Grandpa,Konohamaru,7
611,Sensei,Shino,7
612,Ayame,Hakkaku,7
613,Idate,Sasuke,7
614,Sasuke,that,7
615,Raiga,Rokusuke,7
616,Shikamaru,Temari,7
617,Naruto,Temari,7
618,Naruto,Transform,7
619,Chishima,Hoki,7
620,Fujin,Orochimaru,7
621,Hinata,Ino,7
622,Moegi,Naruto,7
623,Gantetsu,Shinobi,6
624,Kikusuke,Shun,6
625,Hanzaki,the,6
626,Hanzaki,Pervy,6
627,Byakugan,Sumaru,6
628,Chishima,McCoy,6
629,Guy,–,6
630,Natsuboshi,Sumaru,6
631,Fifth,Lee,6
632,Akamaru,Shadow,6
633,Kurosuki,Rokusuke,6
634,Kurosuki,Raiga,6
635,Kakashi,Shinobi,6
636,Akio,Monju,6
637,Moso,Neji,6
638,Jin,ushi,6
639,Kurosuki,Lee,6
640,That,Tsunade,6
641,Akio,Bushy-Brows,6
642,Akio,Lee,6
643,Amachi,Isaribi,6
644,Gato,Zabuza,6
645,Tatsu,Ushi,6
646,Tatsu,Uma,6
647,Dosu,Sasuke,6
648,Byakugan,Sakura,6
649,Naruto,Rock,6
650,Hinata,Mizuki,6
651,Chunin,Gaara,6
652,Harmonia,Hinata,6
653,Hinata,Jutsu,6
654,Naruto,Ruiga,6
655,Sakura,Tenten,6
656,Orochimaru,Sensei,6
657,Hinata,Ruiga,6
658,Sakura,Shizune,6
659,Guy,Sensei,6
660,Haruna,Yurinoshin,6
661,Bunzo,Senta,6
662,Kankuro,Shino,6
663,Guy,Itachi,6
664,Rasengan,Todoroki,6
665,Byakugan,Choji,6
666,Guy,Kisame,6
667,Guy,Kurosuki,6
668,Byakugan,Guy,6
669,Choji,Kikunojou,6
670,Rock,Sakura,6
671,Kakashi,The,6
672,Bushy,Neji,6
673,Katsuyu,Manda,6
674,Harmonia,Sakura,6
675,Pervy,a,6
676,Chishima,Owashi,6
677,Ne,Ushi,6
678,Ninja,Sakura,6
679,Shino,Tsunade,6
680,Ino,Kunoichi,6
681,Hoshikage,Naruto,6
682,Ayame,Naruto,6
683,Kakashi,Kekkei,6
684,Hitsuji,Tatsu,6
685,Hitsuji,Ushi,6
686,Asuma,Mizuki,6
687,Hizashi,Lightning,6
688,Asuma,Raijin,6
689,Komei,Naruto,6
690,Hokage,Shikamaru,6
691,Hizashi,Neji,6
692,Dan,Nawaki,6
693,Naruto,Toad,6
694,Sasuke,Tiger,6
695,Jutsu,Pervy,6
696,Naruto,Tsukiko,6
697,Jutsu,Rasengan,6
698,Saru,Ushi,6
699,Arashi,Pervy,6
700,Asuma,Choji,6
701,Asuma,Fujin,6
702,Konohamaru,Sarutobi,6
703,Buckteeth,Kakashi,6
704,Jutsu,Neji,6
705,Saru,Uma,6
706,Naruto,that,6
707,Tori,lnu,6
708,Naruto,zu-ma-ki!,6
709,Naruto,Suzumebachi,6
710,Konohamaru,Sakura,6
711,Aoi,Naruto,6
712,Menma,Neji,6
713,Anko,Sasuke,6
714,Gantetsu,Lee,6
715,Shinobi,Zabuza,6
716,Jiga,Ruiga,6
717,Gaara,Ninja,6
718,Inu,Ushi,6
719,lnu,mi,6
720,Inu,Tatsu,6
721,McCoy,Naruto,6
722,Akahoshi,Mizura,6
723,Itachi,Uchiha,6
724,Lee,Raiga,6
725,Lee,Sharingan,6
726,Jerk,Naruto,6
727,Uma,Ushi,6
728,Jonin,Lee,6
729,Lee,Orochimaru,6
730,Akamaru,Gaara,6
731,Tsunade,–,6
732,Akamaru,Lee,6
733,Ino,Iruka,6
734,Akamaru,Hokage,6
735,Leaf,Orochimaru,6
736,Inari,Sasuke,6
737,Jiga,Naruto,6
738,Chunin,Kurenai,5
739,Ne,U,5
740,Chidori,Gaara,5
741,Sasuke,Shizune,5
742,Kin,Shikamaru,5
743,Gosunkugi,Tokichi,5
744,Jutsu,Sagi,5
745,Killer,Tenten,5
746,Kakashi,Kankuro,5
747,Kisame,Ranmaru,5
748,Hoki,Moso,5
749,Kagero,Naruto,5
750,Hinata,Orochimaru,5
751,Asuma,Sasuke,5
752,Sasuke,Tori,5
753,Choji,Yurinoshin,5
754,Byakugan,Genno,5
755,Bushy,Dojo,5
756,Ryonin,the,5
757,Chunin,Neji,5
758,Daimyo,Tora,5
759,Gensho,Yagura,5
760,Hokage,Sensei,5
761,Jutsu,the,5
762,Hitsuji,Mi,5
763,Hokage,Ninja,5
764,Naruto,Tayuya,5
765,Byakugan,Sagi,5
766,Lee,Sand,5
767,Jonin,Kiba,5
768,Beast,Naruto,5
769,Orochimaru,Roger,5
770,Naruto,Yurinoshin,5
771,Sasuke,Shuriken,5
772,Hokage,Lee,5
773,Sand,Sasuke,5
774,Genin,Lee,5
775,Natsuhi,Natsuhiboshi,5
776,Anko,Tsunade,5
777,Hiashi,Hyuga,5
778,Sakura,Todoroki,5
779,Ding-dong-ding,ding-dong-ding,5
780,Jutsu,Lee,5
781,Sakon,Sasuke,5
782,Bushy,Shikamaru,5
783,Konohamaru,Udon,5
784,Hoki,Toki,5
785,Naruto,Shiin,5
786,Arashi,the,5
787,Akamaru,Orochimaru,5
788,Kuni,Kunihisa,5
789,Hoshikage,Hotarubi,5
790,Hayate,Iruka,5
791,Bushy-Brow's,Sasuke,5
792,Kuni,Tsunade,5
793,Anko,Naruto,5
794,Jutsu,Moso,5
795,Asuma,Ino,5
796,Bushy,Jonin,5
797,Hinata,the,5
798,Raijin,Shikamaru,5
799,Kagetsu,Naruto,5
800,Kabuto,Kakashi,5
801,Boss,Idate,5
802,Cursed,Komei,5
803,Choji,Shadow,5
804,Hitsuji,U,5
805,Byakugan,Ranmaru,5
806,Guy,Shikamaru,5
807,ding-dong-ding,ponkan,5
808,Hotarubi,Natsuhi,5
809,Abate,Yakumo,5
810,Guy,The,5
811,Shino,the,5
812,Jirocho,Wasabi,5
813,Choji,Hokage,5
814,Kurama,Yakumo,5
815,Anbu,Hokage,5
816,Haruna,Ruiga,5
817,Jirobo,Sasuke,5
818,Shun,Yurinoshin,5
819,Shura,Todoroki,5
820,Kazekage,Kimimaro,5
821,Raiga,Sansho,5
822,Haruna,Shizune,5
823,Akamaru,Wolf,5
824,Fukusuke,Idate,5
825,Guy,Kurenai,5
826,lnu,saru,5
827,lnu,tori,5
828,Gato,Kakashi,5
829,Jiraiya,Kabuto,5
830,I-I,Neji,5
831,Neji,Uchiha,5
832,Fang,Hinata,5
833,Fang,Gaara,5
834,mi,saru,5
835,mi,tori,5
836,Naruto,Narutos,5
837,Tenten,a,5
838,Byakugan,Hyuga,5
839,Idate,Jirocho,5
840,Kayo,Naruto,5
841,Inu,U,5
842,Gaara,Kimimaro,5
843,Leaf,Naruto,5
844,Akahoshi,Yotaka,5
845,Hanabi,Hinata,5
846,Gama,Jiraiya,5
847,Leaf,Tsunade,5
848,Leaf,Sasuke,5
849,Ushi,lnu,5
850,Jigumo,Sakura,5
851,Ino,Mizuki,5
852,Mondai,Poccha,5
853,Inu,Mi,5
854,Ninja,Sagi,5
855,Orochimaru,Rasengan,5
856,Naruto,Onbaa,5
857,Jigumo,Naruto,5
858,Mi,Ne,5
859,Tori,U,5
860,Lee,Ranmaru,5
861,Akahoshi,Shadow,5
862,Jin,uma,5
863,Ninja,the,5
864,Iruka,Shikamaru,5
865,Jigumo,Sasame,5
866,Gamakichi,Naruto,5
867,Mi,Uma,5
868,U,Uma,5
869,Mi,Tori,5
870,Ninja,Sumaru,5
871,Harmonia,Lee,5
872,Fujin,Shikamaru,5
873,Ninja,Tazuna,5
874,Ninja,Shikamaru,5
875,Desert,Lee,4
876,Akamaru,Jutsu,4
877,Chunin,Kiba,4
878,Chunin,Mizuki,4
879,Akamaru,Kakashi,4
880,Akamaru,Genno,4
881,Sumaru,The,4
882,Shizune,Yakumo,4
883,Chunin,Hinata,4
884,Bushy,Yagura,4
885,Shizune,Ton,4
886,Ryonin,Teuchi,4
887,Naruto,Sharingan,4
888,Akio,Rasengan,4
889,Ding-dong,Ding-dong.,4
890,Udon,–,4
891,Naruto,Sazanami,4
892,Akimichi,Choji,4
893,Pervy,the,4
894,Ne,Sasuke,4
895,Byakugan,Lee,4
896,Bikochu,Naruto,4
897,Naruto,Yagura,4
898,Sarutobi,Sasuke,4
899,Akamaru,Ino,4
900,Mondai,The,4
901,Naruto,Yoroi,4
902,Rasengan,Sakura,4
903,Arashi,Sassme,4
904,Sasuke,Tatsu,4
905,Naruto,Natsuhiboshi,4
906,Sarutobi,Tsunade,4
907,Boss,Karashi,4
908,Boss,Jirocho,4
909,Choji,Kakashi,4
910,Neji,Sand,4
911,Choji,Janin,4
912,Neji,Shadow,4
913,Chakra,Sumaru,4
914,Zabuza,the,4
915,Sasame,The,4
916,Sasame,Tsunade,4
917,Billboard,Sakura,4
918,Choji,Sand,4
919,Burn,Kabuto,4
920,Akahoshi,Tsunade,4
921,Pervy,Toad,4
922,Chunin,Sakura,4
923,Tsunade,Yakumo,4
924,Naruto,jonin,4
925,Chunin,Yakumo,4
926,Ninja,Ryonin,4
927,Lee,Uchiha,4
928,Mai,Naruto,4
929,Chidori,Jutsu,4
930,Oli,Sasuke,4
931,Lee,Todoroki,4
932,hitsuji,tori,4
933,Mizukage,Zabuza,4
934,Lee,Yakumo,4
935,Neji,Yagura,4
936,Big,Sasuke,4
937,Choji,Chunin,4
938,hitsuji,ushi,4
939,Forge,Sasuke,4
940,Asuma,Sakura,4
941,Gaara,Jutsu,4
942,Neji,the,4
943,lnu,ushi,4
944,Sensei,Yagura,4
945,Chidori,Rasengan,4
946,Gaara,Jiraiya,4
947,Mi,U,4
948,Ninja,Tsunade,4
949,Asuma,Hinata,4
950,Sasuke,Transform,4
951,Ninja,Orochimaru,4
952,Orochimaru,Ton,4
953,Lightning,the,4
954,Ablaze,Choji,4
955,Satomi,Yakumo,4
956,Futa,Kagetsu,4
957,Sensei,Tsunade,4
958,B-Bushy,Sasuke,4
959,Arashi,Kamikiri,4
960,Abate,Kurenai,4
961,Menma,Shikamaru,4
962,Menma,Sasuke,4
963,Asuma,Kisame,4
964,-zu-ma-ki,Naruto,4
965,Asuma,Ton,4
966,tatsu,tori,4
967,Asuma,Itachi,4
968,Sasuke,Yashamaru,4
969,Ayame,the,4
970,hitsuji,saru,4
971,McCoy,Toki,4
972,Ninja,Shinobi,4
973,2K,–,4
974,Chidori,Lightning,4
975,Ninja,Sasame,4
976,Sharingan,Tazuna,4
977,Fukusuke,Wagarashi,4
978,mi,ushi,4
979,saru,tatsu,4
980,Neji,Rokusuke,4
981,Kayo,Milady,4
982,Orochimaru,lsaribi,4
983,Itachi,Jutsu,4
984,Iruka,Jutsu,4
985,Gaara,Tori,4
986,Lee,Rokusuke,4
987,Itachi,Shisui,4
988,Hinata,Suzumebachi,4
989,Iruka,Sensei,4
990,Gosa,Naruto,4
991,Hoshikage,Natsuhi,4
992,Genno,Neji,4
993,Jiraiya,That,4
994,Ibiki,Sasuke,4
995,Kidomaru,Orochimaru,4
996,Hiashi,the,4
997,Guy,Mondai,4
998,Ibiki,Morino,4
999,Jiraiya,Jutsu,4
1000,Kakashi,Tenten,4
1001,Guy,Harmonia,4
1002,Jiraiya,Sakura,4
1003,Genin,Shikamaru,4
1004,Kiba,Sand,4
1005,Kurenai,Ton,4
1006,Hinata,Hokage,4
1007,Kakashi,Lightning,4
1008,Gaara,Saru,4
1009,Haruna,Jiga,4
1010,Isaribi,Sea,4
1011,Ebisu,Transform,4
1012,Kin,Sasuke,4
1013,Iruka,Nine-Tail,4
1014,Lee,Raido,4
1015,Hinata,Sand,4
1016,Itachi,a,4
1017,Gaara,Ne,4
1018,Kikusuke,Yurinojou,4
1019,Iruka,Shinobi,4
1020,Iruka,Lee,4
1021,Kisame,Kurenai,4
1022,Kazekage,Temari,4
1023,Hinata,Pervy,4
1024,Iruka,Jiraiya,4
1025,Isaribi,lsaribi,4
1026,Iruka,lruka,4
1027,Giichi,Inari,4
1028,Itachi,Kurenai,4
1029,Gaara,Tatsu,4
1030,Itachi,Pervy,4
1031,Itachi,Raiga,4
1032,Kakashi,Konohamaru,4
1033,Hinata,Rasengan,4
1034,Humph,Sasuke,4
1035,Gaara,Sagi,4
1036,Kiba,Sis,4
1037,Harmonia,Hokage,4
1038,Genma,Lee,4
1039,Kidomaru,Sasuke,4
1040,Harmonia,Ino,4
1041,Gantetsu,Rasengan,4
1042,Harmonia,Kakashi,4
1043,Guy,Poccha,4
1044,Hinata,Ichiraku,4
1045,Harmonia,Kiba,4
1046,Hinata,Sensei,4
1047,Iruka,Ninja,4
1048,Chidori,–,4
1049,Saru,Sasuke,4
1050,Akatsuki,Kakashi,4
1051,Choji,Ryonin,4
1052,Sakura,Temari,4
1053,Sakura,Yagura,4
1054,Ebisu,Harem,4
1055,Choji,Raijin,4
1056,Shikamaru,Uchiha,4
1057,Brow,Sakura,4
1058,Akamaru,Rashomon,4
1059,Hokuto,Naruto,4
1060,Shikamaru,Tsuchi,4
1061,Jigumo,Kagero,4
1062,Dozaemon,Sakura,4
1063,Grandma,Yakumo,4
1064,Guy,Rock,4
1065,Jirobo,Orochimaru,4
1066,Gantetsu,Shura,4
1067,Hayate,Sasuke,4
1068,Kurenai,Mizuki,4
1069,Haruna,Tsunade,4
1070,Kiba,Shadow,4
1071,Kidomaru,Sakon,4
1072,Gantetsu,The,4
1073,Harem,Naruto,4
1074,Kurosuki,Sasuke,4
1075,Kuni,Naruto,4
1076,Kabuto,Sakura,4
1077,Leaf,Ninja,4
1078,K-Kurenai,Kurenai,4
1079,Guy,Raiga,4
1080,Hinata,Kayo,4
1081,Inari,Zabuza,4
1082,Leaf,Lightning,4
1083,Genin,Orochimaru,4
1084,Lee,Might,4
1085,Leaf,Sand,4
1086,Gamakichi,Sakura,4
1087,Komei,Neji,4
1088,Isaribi,Isarirbi,3
1089,Genin,Guy,3
1090,Akahoshi,Lee,3
1091,Akahoshi,Natsuhiboshi,3
1092,Naruto,Ninjas,3
1093,Nanafushi,Naruto,3
1094,Kurosuki,Sakura,3
1095,Agira,Might,3
1096,hitsuji,uma,3
1097,Yakumo,d,3
1098,Kurama,Murakumo,3
1099,Moegi,Sasuke,3
1100,Intense,Naruto,3
1101,Isaribi,Sasuke,3
1102,Kurenai,the,3
1103,Agari,Shinobi,3
1104,Naruto,Nine-Tailed,3
1105,Inu,Tora,3
1106,Fang,Shikamaru,3
1107,Inu,Sarutobi,3
1108,Itachi,Sakura,3
1109,Abumi,Shino,3
1110,Dosu,Zaku,3
1111,McCoy,Tsunade,3
1112,Ino-Shika-Cho,Kiba,3
1113,Akagi,Tsunade,3
1114,Kurenai,Shizune,3
1115,Ushi,tori,3
1116,Ushi,saru,3
1117,Akahoshi,Kujaku,3
1118,Gatô,Haku,3
1119,Ebisu,Jonin,3
1120,Akahoshi,Leaf,3
1121,Enma,Hokage,3
1122,Kurenai,Old,3
1123,Inu,lnu,3
1124,Gekko,Hayate,3
1125,Itachi,Sharingan,3
1126,Mi,Ushi,3
1127,Gekko,Orochimaru,3
1128,Moso,Wandering,3
1129,Naruto,Tori,3
1130,Wagarashi,Wasabi,3
1131,Akahoshi,Tenten,3
1132,Gennai,Naruto,3
1133,mi,uma,3
1134,Jerk,Sasuke,3
1135,Konohamaru,Kurenai,3
1136,Akahoshi,Shisou,3
1137,Konohamaru,the,3
1138,Genin,Tsunade,3
1139,Kunoichi,Naruto,3
1140,Genin,Kakashi,3
1141,Janin,Yurinojou,3
1142,Uma,lnu,3
1143,Naruto,Rokusuke,3
1144,Ino,Raijin,3
1145,Itachi,Zabuza,3
1146,Akahoshi,the,3
1147,Dojo,Sensei,3
1148,Jako,Yagura,3
1149,Naruto,Tyson,3
1150,Fukusuke,Jirocho,3
1151,Menma,Orochimaru,3
1152,Fang,Gosunkugi,3
1153,Mi,Saru,3
1154,lnu,uma,3
1155,Aburame,Hinata,3
1156,Kurosuki,Neji,3
1157,Naruto,Tsuzumi,3
1158,Uroko,Yakumo,3
1159,Genin,Hyuga,3
1160,Mi,Tatsu,3
1161,Mi,Sarutobi,3
1162,Genjutsu,Sasuke,3
1163,Akamaru,Guy,3
1164,Gamabunta,Kazekage,3
1165,Naruto,Shura,3
1166,Demon,Naruto,3
1167,Naruto,That,3
1168,U,Ushi,3
1169,Ding,ding-dong-ding,3
1170,Abate,Sensei,3
1171,Naruto,Tobei,3
1172,Gaara,that,3
1173,Idate,ldate,3
1174,GAI,KAKASHI,3
1175,Gon,Naruto,3
1176,Jibachi,Naruto,3
1177,Gaara,Uma,3
1178,Kisame,Sasuke,3
1179,Naruto,a,3
1180,Jiga,Renga,3
1181,Fukusuke,Sasuke,3
1182,Naruto,ldate,3
1183,Inari,Mommy,3
1184,Naruto,na,3
1185,Choji,Hyuga,3
1186,Chunin,Itachi,3
1187,Fujin,Ino,3
1188,Kimimaro,Sakon,3
1189,Chunin,Genin,3
1190,Grandma,Hinata,3
1191,Akamaru,Jirobo,3
1192,Iruka,Leaf,3
1193,Grandma,Raiga,3
1194,Gaara,Ushi,3
1195,Kisame,the,3
1196,Chunin,Shinobi,3
1197,Inari,Tazuna,3
1198,Gosunkugi,Torpedo,3
1199,Ne,Sarutobi,3
1200,Tori,tatsu,3
1201,Gosunkugi,The,3
1202,Gosunkugi,Shinobi,3
1203,Akamaru,Kayo,3
1204,Grampa,Inari,3
1205,Choji,Vulgar,3
1206,Choji,Teuchi,3
1207,Matsuri,Naruto,3
1208,Nawaki,Orochimaru,3
1209,Ne,Tora,3
1210,Natsuhiboshi,Rasengan,3
1211,Choji,Tunneling,3
1212,Natsuhi,The,3
1213,Futa,Shino,3
1214,Genno,Sakura,3
1215,Akamaru,Ninja,3
1216,Lightning,Ninja,3
1217,Guy,Hokage,3
1218,Kiba,Sound,3
1219,Grandma,Lee,3
1220,Grandma,Naruto,3
1221,Naruto,Yamanaka,3
1222,Kikunojou,Yurinojou,3
1223,Kikunojou,Shizune,3
1224,Grandpa,Hokage,3
1225,Choji,Rock,3
1226,Ne,lnu,3
1227,Kidomaru,the,3
1228,Neji,Sound,3
1229,Idate,Morino,3
1230,Neji,Owashi,3
1231,Kiba,the,3
1232,Akamaru,Sakon,3
1233,Choji,Kurenai,3
1234,Gaara,Shino,3
1235,Choji,Kikusuke,3
1236,Gaara,Hitsuji,3
1237,Kiba,Tayuya,3
1238,Tori,hitsuji,3
1239,Grandma,Kayo,3
1240,tatsu,ushi,3
1241,Choji,Fujin,3
1242,Neji,Toki,3
1243,Guy,Kiba,3
1244,Akamaru,Sis,3
1245,Neji,–,3
1246,Akamaru,Tayuya,3
1247,Gaara,Inu,3
1248,Lightning,Mark,3
1249,Chishima,Uzumaki,3
1250,Jin,lnu,3
1251,Kiba,Ninja,3
1252,Guy,Orochimaru,3
1253,Tora,Ushi,3
1254,Chishima,Kakashi,3
1255,Jin,mi,3
1256,Ninja,Todoroki,3
1257,Akamaru,The,3
1258,Itachi,the,3
1259,Tori,mi,3
1260,Dojo,Intense,3
1261,Hanzaki,The,3
1262,Ranmaru,Sansho,3
1263,Hanzaki,Tsunade,3
1264,Jiraiya,Onbaa,3
1265,Pakkun,Sasuke,3
1266,Harem,Sasuke,3
1267,Akamaru,Uchiha,3
1268,Chidori,Lee,3
1269,Pervy,Sannin,3
1270,Byakugan,Sazanami,3
1271,Kamikiri,Sasame,3
1272,Toad,the,3
1273,Byakugan,Owashi,3
1274,I,Yakumo,3
1275,Karashi,Rock,3
1276,Pervy,The,3
1277,Harmonia,Orochimaru,3
1278,Byakugan,Kayo,3
1279,Byakugan,Rasengan,3
1280,Lee,Temari,3
1281,Hokage,Humph,3
1282,Shikamaru,Tyson,3
1283,Kagetsu,Shino,3
1284,Sand,Shikamaru,3
1285,Sannin,Sasuke,3
1286,Hinata,Yurinoshin,3
1287,Shikamaru,Toki,3
1288,Saru,Tora,3
1289,Saru,U,3
1290,Saru,lnu,3
1291,Sarutobi,Tori,3
1292,Kagero,Sasuke,3
1293,Sasu,Sasuke,3
1294,Sarutobi,U,3
1295,Hitsuji,Sarutobi,3
1296,Sarutobi,Uma,3
1297,Hokuto,Natsuhi,3
1298,Hitsuji,Tora,3
1299,Blaze,Byakugan,3
1300,Sasame,a,3
1301,Hitsuji,lnu,3
1302,Byakugan,Unkai,3
1303,I-Ibiki,Morino,3
1304,Guy,Yakumo,3
1305,Byakugan,Ichiraku,3
1306,Tora,Uma,3
1307,Jiraiya,Shizune,3
1308,Hatake,Kakashi,3
1309,Byakugan,Fang,3
1310,Bushy-Brow’s,Kakashi,3
1311,Tenten,Yagura,3
1312,Byakugan,Gosa,3
1313,Chidori,Sharingan,3
1314,Teuchi,the,3
1315,Tora,Tori,3
1316,Haruna,Janin,3
1317,Pop,Sakura,3
1318,Bushy-Brows,Gantetsu,3
1319,Tenten,Toki,3
1320,Jin,tatsu,3
1321,Bushy-Brow’s,Sasuke,3
1322,Kankuro,Tsurugi,3
1323,Jako,Rokkaku,3
1324,Hyuga,Sasuke,3
1325,Raiga,Zabuza,3
1326,Omaru,Sumaru,3
1327,Poccha,The,3
1328,Kazekage,Naruto,3
1329,Ibiki,Naruto,3
1330,Akamaru,the,3
1331,Chakra,Shikamaru,3
1332,Haku,Inari,3
1333,Orochimaru,Rashomon,3
1334,Kazekage,Sarutobi,3
1335,Kayo,Kiba,3
1336,Chakra,Gaara,3
1337,Hayate,Kabuto,3
1338,Akatsuki,Itachi,3
1339,Oli,Pervy,3
1340,Jiraiya,Manda,3
1341,Kazekage,Uchiha,3
1342,Chidori,Itachi,3
1343,Orochimaru,–,3
1344,Jiraiya,Rasengan,3
1345,Kakashi,Leaf,3
1346,Tazuna,the,3
1347,Hizashi,Ninja,3
1348,Shikamaru,–,3
1349,Kakashi,Obito,3
1350,Sakur--,Sakura,3
1351,Sakur--,Sasuke,3
1352,Sakura,Sand,3
1353,Hoshikage,Neji,3
1354,Bunzo,Tsunade,3
1355,Hinata,Renga,3
1356,Buddha,Shikamaru,3
1357,Guy,Sansho,3
1358,Jonin,Kakashi,3
1359,Hinata,Sazanami,3
1360,Ruiga,Yurinojou,3
1361,Anbu,Orochimaru,3
1362,Kakashi,–,3
1363,Tatsu,lnu,3
1364,Bushy-Brow,Lee,3
1365,Jiraiya,that,3
1366,Tatsu,U,3
1367,Sakon,the,3
1368,Sakon,Ukon,3
1369,Kakashi,Toki,3
1370,Guy,Ninja,3
1371,Ninja,Zabuza,3
1372,Kagero,Kamikiri,3
1373,Akamaru,Beast,3
1374,Naruto,Saru,3
1375,Gamakichi,Gamatatsu,3
1376,Genin,Temari,3
1377,Naruto,Sand,3
1378,Chief,Toad,3
1379,Hinata,Jibachi,3
1380,Hinata,Lightning,3
1381,Bushy,Chunin,3
1382,Hinata,Kakashi,3
1383,Sagi,Sand,3
1384,Sagi,Sasuke,3
1385,Sagi,That,3
1386,Hinata,Kikusuke,3
1387,Anbu,Sasuke,3
1388,Shinobi,Yakumo,3
1389,Kakashi,Tora,3
1390,Kujaku,Natsuhi,3
1391,Humph,Naruto,3
1392,Jonin,Sensei,3
1393,Sasuke,Tsukuyomi,3
1394,Sasuke,Uzumaki,3
1395,Jutsu,Kurenai,3
1396,Sasuke,a,3
1397,Arashi,Jutsu,3
1398,Hokage,Nine-Tail,3
1399,Sazanami,Tokichi,3
1400,KAKASHI,ZABUSA,3
1401,Asuma,Chunin,3
1402,Ayame,Ninja,3
1403,Seaweed,–,3
1404,Senta,Tsunade,3
1405,Hokage,Shino,3
1406,Jutsu,Tsunade,3
1407,Hokage,The,3
1408,Sakura,Yuhi,3
1409,Bushy,Tsunada,3
1410,Aoi,Sasuke,3
1411,Hoki,Jutsu,3
1412,Hokage,Jirocho,3
1413,Bushy,Karashi,3
1414,Hiashi,Leaf,3
1415,Hokage,Jiraiya,3
1416,Rasengan,Tsunade,3
1417,Hiashi,Mark,3
1418,Tatsu,Tora,3
1419,Bushy,Orochimaru,3
1420,Kakashi,Tayuya,3
1421,Roger,Sumaru,3
1422,Sasuke,Tenten,3
1423,Jirobo,the,3
1424,Humph,Tsunade,3
1425,Rogue,Sumaru,3
1426,Sakura,a,3
1427,Sakura,Uchiha,3
1428,Kabuto,Shizune,3
1429,Rogue,Zabuza,3
1430,Kakashi,Sensei,3
1431,Rokkaku,Yagura,3
1432,Hidden,Sumaru,2
1433,Guy,Uchiha,2
1434,Guy,Zabuza,2
1435,Hidden,Tsunade,2
1436,Guy,lt,2
1437,Boss,Ranmaru,2
1438,Hakkaku,Teuchi,2
1439,Chakra,Lee,2
1440,Guy,Ichiraku,2
1441,Bikochu,Kiba,2
1442,Hidden,Neji,2
1443,Hinata,Shadow,2
1444,Buddha,the,2
1445,Guy,Temari,2
1446,Buddha,Sakura,2
1447,Chidori,Pervy,2
1448,Hidden,Naruto,2
1449,Hiashi,Tyson,2
1450,Gaara,Suiko,2
1451,Guy,Leaf,2
1452,Brother,Itachi,2
1453,Harmonia,Neji,2
1454,Harmonia,Shikamaru,2
1455,Buddha,Wagarashi,2
1456,Gaara,Pervy,2
1457,Haku,Kekkei,2
1458,Bikochu,Hinata,2
1459,Boss,–,2
1460,Gaara,U,2
1461,Gaara,Shizune,2
1462,Gaara,Tsunade,2
1463,Gaara,Tora,2
1464,Chakra,Kakashi,2
1465,Chakra,Kankuro,2
1466,Guy,Might,2
1467,Bro,Hokage,2
1468,Buddha,Fukusuke,2
1469,Guy,Nanafushi,2
1470,Big,Itachi,2
1471,Hinata,Iruka,2
1472,Baki,Kazekage,2
1473,Hatake,Sagi,2
1474,Hayate,Hokage,2
1475,Gaara,Ino,2
1476,Bastard,Sasuke,2
1477,Hayate,Kakashi,2
1478,Buddha,Kiba,2
1479,Hayate,Obito,2
1480,Gaara,Hoko,2
1481,Gaara,Hatake,2
1482,Gaara,Guy,2
1483,Byakugan,Zaku,2
1484,Hayate,Shinobi,2
1485,Grandpa,–,2
1486,Fever,Tsunade,2
1487,Gamble,Tsunade,2
1488,Gamakichi,Jutsu,2
1489,Ichiraku,Tsunade,2
1490,Gaara,Jonin,2
1491,CHOJI,JIROBO,2
1492,Big,Idate,2
1493,Buddy,Naruto,2
1494,Bastard,Naruto,2
1495,Hinata,Kamizuru,2
1496,Grandma,Zabuza,2
1497,B-Bushy,Bushy,2
1498,Ayame,Choji,2
1499,Hinata,Mark,2
1500,Grandma,Tsunade,2
1501,Asuma,Tsunade,2
1502,Harutaro,Lee,2
1503,Hinata,Rock,2
1504,Grandpa,Tsunade,2
1505,Bastard,Sakura,2
1506,Haruna,Jutsu,2
1507,CHOJI,FATSO~,2
1508,Big,Shikamaru,2
1509,Big,Kunihisa,2
1510,Guy,Intense,2
1511,Forsake,Sumaru,2
1512,Harem,Transform,2
1513,Choji,Gaara,2
1514,Hoki,Naruto,2
1515,Chakra,Choji,2
1516,Burn,Return,2
1517,Choji,Fang,2
1518,Hokage,squirt,2
1519,Burn,Sarutobi,2
1520,Choji,Fifth,2
1521,Fifth,Hokage,2
1522,Hoki,Leaf,2
1523,Fifth,Guy,2
1524,Choji,Guy,2
1525,Burn,Sensei,2
1526,Anbu,Anko,2
1527,Burn,Sharingan,2
1528,Hokage,the,2
1529,Hokage,lruka,2
1530,Burn,Omasa,2
1531,Hoki,Komei,2
1532,Burn,Gamatatsu,2
1533,Byakugan,Tsunade,2
1534,Bushy,Might,2
1535,Grandfather,Nawaki,2
1536,Fukusuke,Sakura,2
1537,Hinata,lno,2
1538,Bushy-Brow's,Kakashi,2
1539,Hitode,Naruto,2
1540,Asuma,Iruka,2
1541,Hitsuji,Naruto,2
1542,Fifth,Sakura,2
1543,Chief,Jutsu,2
1544,Aoi,Jirocho,2
1545,Gosa,–,2
1546,Hokage,Ninjas,2
1547,Burn,Sakura,2
1548,Anko,Hayate,2
1549,Hoki,Kakashi,2
1550,Chikara,Naruto,2
1551,Aoi,Burn,2
1552,Billboard,Ino,2
1553,Gamakichi,Jiraiya,2
1554,CHOJI,~FATSO,2
1555,Haku,Tazuna,2
1556,Chakra,Naruto,2
1557,Hana,Naruto,2
1558,Guy,Jutsu,2
1559,Chakra,Neji,2
1560,Gaara,Mi,2
1561,Gaara,Lotus,2
1562,Asuma,Shizune,2
1563,Gamatatsu,Orochimaru,2
1564,Gaara,Lightning,2
1565,Chakra,Sasuke,2
1566,Haku,Sharingan,2
1567,Black,Crow,2
1568,Billboard,Sasuke,2
1569,Billboard,Lee,2
1570,Asuma,Temari,2
1571,Hinata,Sound,2
1572,Hokage,Proctor,2
1573,Fifth,Sasuke,2
1574,Anko,–,2
1575,Chikara,lntense-Brow,2
1576,Chishima,Gaara,2
1577,Burn,Fukusuke,2
1578,Chishima,Sand,2
1579,Gonta,Hokage,2
1580,Burn,Guy,2
1581,Chishima,The,2
1582,Fifth,Tsunade,2
1583,Burn,Iruka,2
1584,Gon,na,2
1585,Burn,Kakashi,2
1586,Fist,Hinata,2
1587,Cho,Han,2
1588,Burn,Konohamaru,2
1589,First,Orochimaru,2
1590,Ino,Kurenai,2
1591,Genin,Kiba,2
1592,Injure,Lee,2
1593,Akahoshi,The,2
1594,Choji,Vendetta,2
1595,Choji,Jutsu,2
1596,Choji,lno,2
1597,FATSO~,JIROBO,2
1598,Hokuto,The,2
1599,Hokuto,Rogue,2
1600,Choji,lno-Shika-Cho,2
1601,Choji,Sound,2
1602,Ibiki,Jiraiya,2
1603,Choji,Jirobo,2
1604,Fang,Sakon,2
1605,Genma,Uchiha,2
1606,Iruka,Obito,2
1607,Genno,Ichiraku,2
1608,Genma,Sasuke,2
1609,Amachi,Chief,2
1610,Akio,Bushy,2
1611,Hokuto,the,2
1612,Humph,Leaf,2
1613,Hoshikage,Mizura,2
1614,Bushy-Brows,Todoroki,2
1615,Agari,Ichiraku,2
1616,Bushy-Brow’s,Kekkei,2
1617,Ino,lno-Shika-Cho,2
1618,Ino-Shika-Cho,Iruka,2
1619,Crow,Kankuro,2
1620,Ino-Shika-Cho,Naruto,2
1621,Agari,Akamaru,2
1622,Bushy,Konohamaru,2
1623,Bushy,Ino,2
1624,Gaara,lnu,2
1625,Fang,Tayuya,2
1626,FATSO~,~FATSO,2
1627,Humph,Kakashi,2
1628,Akatsuki,Pervy,2
1629,Bushy,Choji,2
1630,Byakugan,Komei,2
1631,Gantetsu,Gon,2
1632,Choji,Leaf,2
1633,Bushy,Gantetsu,2
1634,Choji,Ichiraku,2
1635,Choji,Ino-Shika-Cho,2
1636,I,Kurenai,2
1637,Byakugan,Pervy,2
1638,Hyuga,Shikamaru,2
1639,Ebisu,Sakura,2
1640,Gantetsu,na,2
1641,Akamaru,Temari,2
1642,Akamaru,Ukon,2
1643,Genjutsu,Tsukuyomi,2
1644,Choji,Jiga,2
1645,Gantesu,Ninja,2
1646,Akamaru,Kurenai,2
1647,Hyuga,Mark,2
1648,Hokuto,Neji,2
1649,Ibiki,Idate,2
1650,Hyuga,Ninja,2
1651,Genjutsu,Shikamaru,2
1652,I,d,2
1653,Genma,Raido,2
1654,Akamaru,lno,2
1655,Genno,Jutsu,2
1656,Akatsuki,Tsunade,2
1657,Choji,Ruiga,2
1658,Akatsuki,Sage,2
1659,Byakugan,Kujaku,2
1660,Akatsuki,Chidori,2
1661,Fang,Jirobo,2
1662,Akamaru,Pervy,2
1663,Amaterasu,Tsukuyomi,2
1664,Akamaru,Shinemon,2
1665,Ebisu,Sasuke,2
1666,Akamaru,Sazanami,2
1667,Akamaru,Sand,2
1668,Choji,the,2
1669,Genjutsu,Naruto,2
1670,Ami,Ino,2
1671,Ino-Shika-Cho,Shikamaru,2
1672,Desert,Jutsu,2
1673,Crow,Gaara,2
1674,Byakugan,Gosunkugi,2
1675,Akamaru,Hana,2
1676,Ebisu,Hokage,2
1677,Chunin,Hyuga,2
1678,Gato,Ninja,2
1679,Ibiki,lbiki,2
1680,Doubtless,Kabuto,2
1681,Gato,Sakura,2
1682,Chunin,Iruka,2
1683,Akamaru,Burn,2
1684,Gato,Sasuke,2
1685,Bushy,Matsuri,2
1686,Akamaru,Bushy,2
1687,Ichiraku,Shinobi,2
1688,Ichiraku,Teuchi,2
1689,Fatty,Naruto,2
1690,Gato,The,2
1691,Ding-dong,Dong,2
1692,Dosu,Kin,2
1693,Idate,Kyuroku,2
1694,Inari,Sakura,2
1695,Chunin,Ninja,2
1696,Bushy,Rock,2
1697,Gatsu,Naruto,2
1698,Gatsu,Sazanami,2
1699,Akahoshi,Beast,2
1700,Ino,Jutsu,2
1701,Dojo,Rock,2
1702,Dojo,Nanafushi,2
1703,Ding-dong-ding,Ding-dong.,2
1704,Ino,Neji,2
1705,Dojo,Might,2
1706,Akagi,Naruto,2
1707,Dojo,Guy,2
1708,Genin,Kurosuki,2
1709,Chunin,Third,2
1710,Agira,Yagura,2
1711,Idate,Jonin,2
1712,Genin,Shino,2
1713,Ding,Ding-dong.,2
1714,Agira,Ryudouin,2
1715,Bushy-Brow,Naruto,2
1716,Iruka,Kiba,2
1717,Dan,Orochimaru,2
1718,Iruka,Kurenai,2
1719,Bushy-Brow's,Kekkei,2
1720,Crow,Naruto,2
1721,Abumi,Sasuke,2
1722,Ding,Ding-dong,2
1723,Bushy,–,2
1724,Ino,Pervy,2
1725,Genin,Kurenai,2
1726,Ino,Rock,2
1727,Ding-dong,Ding-dong-ding,2
1728,Ino,Temari,2
1729,Ino,Tenten,2
1730,Ino,Tsuchi,2
1731,Iruka,Jonin,2
1732,Darudo,Naruto,2
1733,Gato,the,2
1734,Bushy-Brows,Gaara,2
1735,Idate,–,2
1736,Agira,Sakura,2
1737,Chunin,Tsunade,2
1738,Bushy,Kiba,2
1739,Inu,Sasuke,2
1740,Demon,Iruka,2
1741,Bushy-Brows,Harmonia,2
1742,-Delivery,Pervy,2
1743,-zu-ma-ki,Sasuke,2
1744,Crow,the,2
1745,Intense,Yagura,2
1746,Bushy,Uchiha,2
1747,Inu,Naruto,2
1748,Inu,Sakura,2
1749,-zu-ma-ki,Yakumo,2
1750,Gatô,Zabuza,2
1751,Hitsuji,Sakura,2
1752,Oli,Orochimaru,2
1753,Hinata,Zigzag,2
1754,Kurenai,The,2
1755,Komei,That,2
1756,Kimimaro,Mark,2
1757,Kiba,Sensei,2
1758,Kiba,Shinemon,2
1759,Kiba,Tunneling,2
1760,Kiba,lno,2
1761,Neji,Proctor,2
1762,Neji,Pervy,2
1763,Kidomaru,Tayuya,2
1764,Kikunojou,Yurinoshin,2
1765,Kikusuke,Momiji,2
1766,Killer,a,2
1767,Kimimaro,Naruto,2
1768,Komei,Shuriken,2
1769,Natsuboshi,Natsuhiboshi,2
1770,Kimimaro,Tayuya,2
1771,Kin,Zaku,2
1772,Naruto,Tonton,2
1773,Komei,Wandering,2
1774,Naruto,Postman,2
1775,Naruto,Sanchez,2
1776,Konohamaru,Temari,2
1777,Konohamaru,–,2
1778,Konohomaru,Naruto,2
1779,Naruto,Sea,2
1780,Kunai,Naruto,2
1781,Kunai,Sumaru,2
1782,Naruto,Sansho,2
1783,Kuni,Kunijiro,2
1784,Kunoichi,Sasuke,2
1785,Naruto,Sage,2
1786,Kuni,Ninja,2
1787,Naruto,Rogue,2
1788,Kunihisa,Ninja,2
1789,Naruto,Rasengen,2
1790,Naruto,Ramen,2
1791,Naruto,Raijin,2
1792,Naruto,lt,2
1793,Kisame,Pervy,2
1794,Naruto,Zu,2
1795,Ma,Naruto,2
1796,Lee,SAKE,2
1797,McCoy,Sagi,2
1798,Matsuri,Sakura,2
1799,Mark,Ninja,2
1800,Manji,Sasuke,2
1801,Manda,Shizune,2
1802,Manda,Naruto,2
1803,Lee,Shizune,2
1804,Lee,Poccha,2
1805,Lee,Sound,2
1806,Might,Yagura,2
1807,Misogi,Shino,2
1808,Mizukage,Sharingan,2
1809,Monju,Ninja,2
1810,Naruto,Ole,2
1811,Naruto,Old,2
1812,McCoy,Uzumaki,2
1813,Menma,Tsunade,2
1814,Kisame,a,2
1815,Leaf,Sakura,2
1816,Naruto,Zigzag,2
1817,Naruto,Yuhi,2
1818,Naruto,Tunneling,2
1819,Naruto,Pervert,2
1820,Kurenai,Raijin,2
1821,Neji,that,2
1822,Naruto,Owashi,2
1823,Might,Shikamaru,2
1824,Mi,Tora,2
1825,Leaf,Shikamaru,2
1826,Leaf,Toki,2
1827,Might,Naruto,2
1828,Mi,lnu,2
1829,Leaves,Third,2
1830,Lee,Lotus,2
1831,Lee,Mondai,2
1832,Naruto,Third,2
1833,Komei,–,2
1834,Naruto,Tokichi,2
1835,Tayuya,the,2
1836,Iruka,lno-Shika-Cho,2
1837,Tsunade,this,2
1838,Jirobo,Kiba,2
1839,Tsunade,lt,2
1840,Jirobo,Kakashi,2
1841,Jibachi,Kurobachi,2
1842,Jiraiya,Tyson,2
1843,Jiraiya,The,2
1844,Iruka,Udon,2
1845,Temari,Uchiha,2
1846,Jiraiya,Shinobi,2
1847,Tenten,the,2
1848,The,Zabuza,2
1849,Jiraiya,Oli,2
1850,Jiga,Yurinojou,2
1851,Toki,Uzumaki,2
1852,Jirocho,Ninja,2
1853,lruka,the,2
1854,Jiraiya,Katsuyu,2
1855,hitsuji,mi,2
1856,Futa,Tobei,2
1857,Sharingan,Uchiha,2
1858,Jonin,Shino,2
1859,Shikamar,Shikamaru,2
1860,Shikamaru,Shizune,2
1861,the,–,2
1862,Jutsu,Kiba,2
1863,lt,the,2
1864,Jonin,Shinobi,2
1865,Jutsu,Ole,2
1866,Jutsu,Kikunojou,2
1867,Jutsu,Sakon,2
1868,Jutsu,Komei,2
1869,tatsu,uma,2
1870,Senta,Shugoro,2
1871,Iruka,Raijin,2
1872,Jigumo,Kamikiri,2
1873,Toki,the,2
1874,Komei,Warrior,2
1875,Jirocho,Sasuke,2
1876,Shikamaru,lt,2
1877,Shino,Yamanaka,2
1878,Shino,lno,2
1879,Jirocho,ldate,2
1880,Shinobi,Sumaru,2
1881,Jirocho,Shizune,2
1882,JIROBO,~FATSO,2
1883,Uchiha,that,2
1884,Jonin,Murakumo,2
1885,U,lnu,2
1886,Janin,Kikunojou,2
1887,Shisou,Yotaka,2
1888,Senta,Shizune,2
1889,Ranmaru,Tenten,2
1890,Jutsu,Sannin,2
1891,Naruto,Pakkun,2
1892,Shikamaru,lno,2
1893,Ushi,mi,2
1894,Jira-chan,Pervy,2
1895,Shikamaru,Tayuya,2
1896,Jigumo,Orochimaru,2
1897,Tora,lnu,2
1898,Jin,hitsuji,2
1899,Tora,U,2
1900,Jutsu,Sanchez,2
1901,Javelin,Matsuri,2
1902,Shuriken,Zabuza,2
1903,Shisui,Uchiha,2
1904,Jonin,Ninja,2
1905,Iruka,–,2
1906,hitsuji,lnu,2
1907,Yurinojou,Yurinoshin,2
1908,Yakumo,the,2
1909,Isarirbi,Orochimaru,2
1910,Shikamaru,Tenten,2
1911,Ushi,ushi,2
1912,Kurenai,Shikamaru,2
1913,Konohamaru,Sensei,2
1914,Murakumo,Secret,2
1915,Karashi,Uzumaki,2
1916,Rock,Sansho,2
1917,Rashomon,–,2
1918,Rasengan,Sumaru,2
1919,Rasengan,Shikamaru,2
1920,Kakashi,Tsurugi,2
1921,Rasengan,Sasame,2
1922,Kakashi,Yashamaru,2
1923,Lee,The,2
1924,Kamikiri,Orochimaru,2
1925,Kankuro,Neji,2
1926,Proctor,Sasuke,2
1927,Kankuro,Proctor,2
1928,Kankuro,Sakura,2
1929,Raijin,Ton,2
1930,Raiga,Tenten,2
1931,Raiga,Sasuke,2
1932,Raiga,Sakura,2
1933,Rock,Shikamaru,2
1934,Kankuro,Naruto,2
1935,Pervy,–,2
1936,Onbaa,Tsunade,2
1937,Orochimaru,That,2
1938,Katsuyu,Naruto,2
1939,Orochimaru,Shinobi,2
1940,Orochimaru,Raido,2
1941,Orochi,Orochimaru,2
1942,Onbu,zu-ma-ki!,2
1943,Onbu,Tsunade,2
1944,Kekkai,Kimimaro,2
1945,Pervy,miso,2
1946,Ole,Shikamaru,2
1947,Kekkai,Orochimaru,2
1948,Ki,Naruto,2
1949,Ninja,The,2
1950,Ninja,Rogue,2
1951,Ninja,Ran,2
1952,Pervy,This,2
1953,Kanpachi,Rokusuke,2
1954,Raido,Shizune,2
1955,Proctor,Shino,2
1956,Asuma,Lee,2
1957,Hokage,Kimimaro,2
1958,Hokage,Leaf,2
1959,Hokage,Mizuki,2
1960,Fujin,Kurenai,2
1961,Grandfather,Naruto,2
1962,Asuma,Hokage,2
1963,Hitsuji,Sasuke,2
1964,Asuma,Shino,2
1965,Fujin,Ton,2
1966,DOJO,Tsunade,2
1967,Hinata,That,2
1968,Hinata,The,2
1969,Hinata,Tokichi,2
1970,Grandfather,Tsunade,2
1971,Murakumo,Naruto,2
1972,Hinata,Unkai,2
1973,Aoi,Sakura,2
1974,Chief,the,2
1975,Moso,Tenten,2
1976,Hokage,Ino,2
1977,-Delivery,Naruto,2
1978,Asuma,Kiba,2
1979,Fatty,Shikamaru,2
1980,Hokage,Ibiki,2
1981,Bunzo,Shizune,2
1982,Asuma,Guy,2
1983,Grampa,Mommy,2
1984,Bunzo,Shugoro,2
1985,Hokage,Kage,2
1986,Arashi,Gamakichi,2
1987,Gosunkugi,Shino,2
1988,Fuki,Ran,2
1989,Hokage,Jonin,2
1990,Burn,Bushy,2
1991,Hokage,Kabuto,2
1992,Fuki,Ninja,2
1993,Orochimaru,Tyson,2
1994,Kankuro,Yoroi,2
1995,Pakkun,Sakura,2
1996,Kakashi,Sakon,2
1997,Saru,Sarutobi,2
1998,Sand,–,2
1999,Sand,Sound,2
2000,Sanchez,Shikamaru,2
2001,Sakura,lruka,2
2002,Sakura,Zaku,2
2003,Kakashi,Nine-Tailed,2
2004,Sakura,Tsuzumi,2
2005,Sakura,Tori,2
2006,Sakura,Teuchi,2
2007,Sakura,Tayuya,2
2008,Sakura,Saru,2
2009,Kakashi,Owashi,2
2010,Sagi,a,2
2011,Kakashi,Rasengan,2
2012,Sagi,Wandering,2
2013,Sagi,The,2
2014,Sarutobi,That,2
2015,Rock,Yagura,2
2016,Sensei,Yuhi,2
2017,Moegi,Udon,2
2018,Kurenai,d,2
2019,Moso,Ninja,2
2020,Monju,Todoroki,2
2021,Momiji,Yurinoshin,2
2022,Leaf,Lee,2
2023,Momiji,Tsunade,2
2024,Moegi,–,2
2025,Mizura,Ninja,2
2026,Kiba,Sakon,2
2027,Mizura,Natsuhi,2
2028,Mizuki,lruka,2
2029,Kurosuki,Sansho,2
2030,Mizuki,Rasengan,2
2031,Kurosuki,Tsunade,2
2032,L-Lee,Sansho,2
2033,Neji,Tunneling,2
2034,Sagi,Shuriken,2
2035,Moso,That,2
2036,Ryudouin,Yagura,2
2037,Kabuto,Sarutobi,2
2038,Kabuto,Kazekage,2
2039,Kabuto,Lee,2
2040,Kabuto,Mark,2
2041,Sasuke,Vendetta,2
2042,Sasuke,Ushi,2
2043,Sasuke,Uma,2
2044,Sasuke,Tsubaki,2
2045,Sasuke,Third,2
2046,Kabuto,Shikamaru,2
2047,Roger,Tenten,2
2048,Rock,Tenten,2
2049,Kiba,Rock,2
2050,Rock,Shino,2
2051,Pervy,Shinobi,2
2052,Pervy,Shikamaru,2
2053,Pakkun,Shikamaru,2
2054,Sazanami,Shinobi,2
2055,Karashi,The,2
2056,KAKASHI,–,2
2057,Jutsu,The,2
2058,K-Kurenai,Unkai,2
2059,Rokusuke,Sasuke,2
2060,Rogue,Sasuke,2
2061,Sasame,Sassme,2
2062,Sasuke,Summo,2
2063,K-Kurenai,Yakumo,2
2064,Jutsu,Shikamaru,2
2065,Kagari,Naruto,2
2066,Jutsu,Tyson,2
2067,Sensei,Shikamaru,2
2068,Senbons,Shikamaru,2
2069,Secret,Yakumo,2
2070,K-Kakashi,Kakashi,2
2071,K-Kakashi,Sasuke,2
2072,K-Karashi,Sansho,2
2073,Jonin,Sarutobi,1
2074,Jutsu,Rock,1
2075,Jutsu,Leaf,1
2076,Hoko,Seimei,1
2077,Hokushin,Kakashi,1
2078,Hokuto,Shadow,1
2079,Hokuto,Ninja,1
2080,Jonin,Sakura,1
2081,Junko,Kakashi,1
2082,Hokuto,Kunai,1
2083,Hokuto,Kujaku,1
2084,Hokuto,Jutsu,1
2085,Jonin,Uchiha,1
2086,Hokuto,Hotarubi,1
2087,Jonin,Zabuza,1
2088,Jonin,lsaribi,1
2089,Jutsu,Shinobi,1
2090,Junko,Naruto,1
2091,Jutsu,Tazuna,1
2092,Hoki,the,1
2093,Hokage,Tazuna,1
2094,Hoki,Owashi,1
2095,Jonin,Konohamaru,1
2096,Junko,Sasuke,1
2097,Jonin,Manji,1
2098,Jutsu,Mizuki,1
2099,Hoki,a,1
2100,Hoki,Wandering,1
2101,Hoki,Sasuke,1
2102,Jutsu,Orochi,1
2103,Jutsu,Shadow,1
2104,Jutsu,Owashi,1
2105,Jutsu,Pakkun,1
2106,Jutsu,Raido,1
2107,Jutsu,Roger,1
2108,Jutsu,SAKE,1
2109,Hokage,–,1
2110,Hokage,Toad,1
2111,Junko,Sakura,1
2112,Itachi,Shinobi,1
2113,Hokuto,Hoshikage,1
2114,Isarirbi,Sasuke,1
2115,Izumo,Kotetsu,1
2116,Izumo,Sakura,1
2117,Izumo,Shikamaru,1
2118,JIROBO,Naruto,1
2119,Ino,Shinobi,1
2120,Ino,–,1
2121,Itachi,Kabuto,1
2122,Iruka,Moegi,1
2123,Ino,Orochimaru,1
2124,Iruka,Leaves,1
2125,Iruka,Sarutobi,1
2126,Iruka,Kabuto,1
2127,Iruka,Shino,1
2128,Iron,the,1
2129,Iruka,Shizune,1
2130,Iruka,The,1
2131,Itachi,–,1
2132,Ino,Pakkun,1
2133,Hokushin,Sagi,1
2134,Itachi,Nine-Tailed,1
2135,Jutsu,Kidomaru,1
2136,Hokushin,Naruto,1
2137,Jonin,Kurama,1
2138,Hyuga,branch,1
2139,Jiraiya,Rogue,1
2140,I,Naruto,1
2141,Ino,Yamanaka,1
2142,Ino,Vulgar,1
2143,Itachi,Yashamaru,1
2144,Ino,Tyson,1
2145,Ino,Tunneling,1
2146,Itachi,Rasengan,1
2147,Itachi,Roger,1
2148,Itachi,Rokusuke,1
2149,Itachi,Kurosuki,1
2150,Hoshikage,Natsuhiboshi,1
2151,Jiraiya,Sanchez,1
2152,Mizura,Tenten,1
2153,Jirobo,Ninja,1
2154,Jirobo,Naruto,1
2155,Forsake,Rogue,1
2156,Forsake,Hokuto,1
2157,Forge,Tori,1
2158,Might,Rokkaku,1
2159,Might,Ryudouin,1
2160,Forge,Tatsu,1
2161,Might,Tsunade,1
2162,Forge,Saru,1
2163,Forge,Ne,1
2164,Misogi,the,1
2165,Missus,Naruto,1
2166,Forge,Kakashi,1
2167,Forge,Gaara,1
2168,Fist,Gosa,1
2169,First,Sarutobi,1
2170,Gonta,Konohamaru,1
2171,Kimimaro,Pervy,1
2172,Fujin,Hokage,1
2173,Fujin,Iruka,1
2174,Fujin,Naruto,1
2175,Fatty,Sasuke,1
2176,Inu,Leaf,1
2177,Mizura,The,1
2178,Mizura,Tsunade,1
2179,Fifth,Jutsu,1
2180,Fifth,Genma,1
2181,Momiji,Naruto,1
2182,Momiji,Shun,1
2183,Fatty,Iruka,1
2184,Mi,Sasuke,1
2185,Monju,Shura,1
2186,Fatty,Ino,1
2187,Mizuki,lno-Shika-Cho,1
2188,Kimimaro,Shikamaru,1
2189,Mizuki,Shizune,1
2190,First,Sensei,1
2191,Fuki,Menma,1
2192,Gosunkugi,Kiba,1
2193,Hotarubi,Neji,1
2194,Hotarubi,Naruto,1
2195,Hyuga,I-I,1
2196,Hyuga,Vendetta,1
2197,Hyuga,Uchiha,1
2198,Hyuga,Temari,1
2199,Jiraiya,Shameless,1
2200,Hyuga,Shadow,1
2201,Hyuga,Lightning,1
2202,Hyuga,Lee,1
2203,Jiraiya,lt,1
2204,Jirobo,Rasengan,1
2205,Humph,Sannin,1
2206,Humph,Rasengan,1
2207,Jiraiya,–,1
2208,Jirobo,Jutsu,1
2209,Humph,Pervy,1
2210,Humph,Orochimaru,1
2211,Jirobo,Kimimaro,1
2212,Jiraiya,Sand,1
2213,Humph,Jiraiya,1
2214,Jirochi,Naruto,1
2215,Hoshikage,Yotaka,1
2216,Hotarubi,Mizura,1
2217,Hotarubi,Kujaku,1
2218,Jirocho,Ryuko,1
2219,Jirocho,Sakura,1
2220,Hoshikage,the,1
2221,Humph,Iruka,1
2222,Jirocho,Senta,1
2223,Jirocho,Tsunade,1
2224,Jirobo,Sakura,1
2225,Jirocho,Uzumaki,1
2226,Hoshikage,Tsunade,1
2227,Hoshikage,The,1
2228,Hoshikage,Shisou,1
2229,Jirocho,–,1
2230,Hoshikage,Shadow,1
2231,Jirocho,Shinobi,1
2232,Iruka,Third,1
2233,Kagari,Sasuke,1
2234,Intense,Tenten,1
2235,Intense,Neji,1
2236,Kiba,Misogi,1
2237,Guy,Raido,1
2238,Grandson,Naruto,1
2239,Kidomaru,Rasengan,1
2240,Kidomaru,Sakura,1
2241,Grandpa,That,1
2242,Grandpa,Sasuke,1
2243,Grandpa,Naruto,1
2244,Grandpa,Kakashi,1
2245,Kikunojou,Shadow,1
2246,Kidomaru,Kimimaro,1
2247,Grandma,Kisame,1
2248,Kikusuke,Ruiga,1
2249,Kikusuke,Tsunade,1
2250,Grandfather,Hinata,1
2251,Killer,Lee,1
2252,Killer,Temari,1
2253,Haruna,Shadow,1
2254,Guy,Rokkaku,1
2255,Katsuyu,Shizune,1
2256,Harem,the,1
2257,Haruna,Renga,1
2258,Karashi,L-Lee,1
2259,Harmonia,Yoroi,1
2260,Harmonia,That,1
2261,Harmonia,Temari,1
2262,Harmonia,Kankuro,1
2263,Harmonia,Hayate,1
2264,Harem,Kakashi,1
2265,Katsuyu,Sannin,1
2266,Hanzaki,Sakura,1
2267,Katana,Ninjas,1
2268,Katana,This,1
2269,Katsu,Shikamaru,1
2270,Hanabi,Kiba,1
2271,Hana,Tsunade,1
2272,Hana,Shino,1
2273,Gosunkugi,the,1
2274,Gosunkugi,Misogi,1
2275,Kimimaro,Neji,1
2276,Hokage,Kekkai,1
2277,Kiba,Yuhi,1
2278,Kiba,a,1
2279,Guy,Ranmaru,1
2280,Kankuro,Uchiha,1
2281,Harutaro,Yagura,1
2282,Kankuro,Shizune,1
2283,Kabuto,Oli,1
2284,Kabuto,Sannin,1
2285,Kiba,Yagura,1
2286,Hokage,K-Kakashi,1
2287,Hokage,Izumo,1
2288,Kabuto,Shukaku,1
2289,Hokage,Itachi,1
2290,Kabuto,Vine,1
2291,Kabuto,Nine-Tailed,1
2292,Mizura,Shadow,1
2293,Gu,Sakura,1
2294,Kiba,Unkai,1
2295,Grandma,Kiba,1
2296,Guy,Kung,1
2297,Granny,Neji,1
2298,Granny,Shadow,1
2299,Granny,Sumaru,1
2300,Guy,Oli,1
2301,Kiba,Orochimaru,1
2302,Kiba,Proctor,1
2303,Kiba,Rasengan,1
2304,Guy,Kanpachi,1
2305,Gu,Sasuke,1
2306,Kiba,Satomi,1
2307,Guy,Jonin,1
2308,Guy,Jiraiya,1
2309,Guy,Jako,1
2310,Guy,Iruka,1
2311,Guy,Humph,1
2312,Gu,Zaku,1
2313,Kanpachi,Karashi,1
2314,Katsuyu,Tamaya,1
2315,Hana,Sakura,1
2316,Jiraiya,Ole,1
2317,Ibiki,Lee,1
2318,Jira-chan,a,1
2319,Ibiki,Kurenai,1
2320,Ibiki,Kabuto,1
2321,Jiraiya,Kakashi,1
2322,Jiraiya,Lee,1
2323,Ibiki,Inopig,1
2324,I-Ibiki,Idate,1
2325,Ibiki,Sannin,1
2326,I-Ibiki,Ibiki,1
2327,Ichiraku,Sakura,1
2328,Jutsu,Tenten,1
2329,Ichiraku,Zabuza,1
2330,Idate,Wagarashi,1
2331,Jako,Ryudouin,1
2332,Jako,Sensei,1
2333,Jira-chan,Naruto,1
2334,Ibiki,Vendetta,1
2335,Ino,Kin,1
2336,JIROBO,Sakura,1
2337,Intense,Nanafushi,1
2338,Intense,Lee,1
2339,Inopig,Sasuke,1
2340,Isaribi,Shino,1
2341,Isaribi,Tsunade,1
2342,Isaribi,Yoroi,1
2343,Ino-Shika-Cho,Neji,1
2344,Ino,Ninja,1
2345,Ichiraku,Kakashi,1
2346,Jako,Lee,1
2347,Jako,Might,1
2348,Jin,Ushi,1
2349,Ichiraku,Ryonin,1
2350,Ichiraku,Orochimaru,1
2351,Ichiraku,Kurosuki,1
2352,Ichiraku,Kisame,1
2353,Janin,Jiga,1
2354,Janin,Ruiga,1
2355,Haku,Uzumaki,1
2356,Kekkei,The,1
2357,Hakkaku,Ichiraku,1
2358,Kekkai,Sasuke,1
2359,Kekkei,Naruto,1
2360,Kekkei,Sakon,1
2361,Kekkei,Sakura,1
2362,Kayo,Tsunade,1
2363,Guy,Sand,1
2364,Kekkei,Willow,1
2365,Haku,K-Kakashi,1
2366,Ki,Ma,1
2367,Guy,SAKE,1
2368,Ki,Sagi,1
2369,Ki,Zu,1
2370,Kiba,Kimimaro,1
2371,Guy,Ryudouin,1
2372,Kekkei,Sharingan,1
2373,Hakkaku,Ryonin,1
2374,Kazekage,Ninja,1
2375,Janin,The,1
2376,Jerk,Sakura,1
2377,Ino,Intense,1
2378,Ino,Ino-Shika-Cho,1
2379,Jelly,Jirocho,1
2380,Jelly,Naruto,1
2381,Jelly,Ninja,1
2382,Jelly,Sasuke,1
2383,Jelly,Shinobi,1
2384,Injure,Jutsu,1
2385,Hokage,Shisui,1
2386,Inari,Ninja,1
2387,Jibachi,Shino,1
2388,Jibachi,Suzumebachi,1
2389,Idate,Wasabi,1
2390,Idate,Jirochi,1
2391,Dan,Kabuto,1
2392,Hokage,Tayuya,1
2393,Fifth,Naruto,1
2394,Kotetsu,Shikamaru,1
2395,Mizura,Roger,1
2396,Leaf,U,1
2397,Genma,Hokage,1
2398,Konohamaru,Monkey,1
2399,Genma,Guy,1
2400,Konohamaru,Orochimaru,1
2401,Konohamaru,Return,1
2402,Genjutsu,Sakura,1
2403,Genjutsu,Kakashi,1
2404,Genma,Kazekage,1
2405,Koharu,Orochimaru,1
2406,Gensho,Guy,1
2407,Gensho,Jako,1
2408,Kimimaro,Shukaku,1
2409,Kimimaro,Vine,1
2410,Kimimaro,Zabuza,1
2411,Kin,Lee,1
2412,Gon,Todoroki,1
2413,Giichi,Naruto,1
2414,Genma,Jutsu,1
2415,Konohamaru,Konohomaru,1
2416,Genno,Tenten,1
2417,Gekko,Kabuto,1
2418,Leaf,the,1
2419,Gamakichi,Sagi,1
2420,Lee,Lightning,1
2421,Gamakichi,Moso,1
2422,Gamakichi,Kabuto,1
2423,Gamatatsu,Tsunade,1
2424,Lee,Tazuna,1
2425,Kurama,Shinobi,1
2426,Genma,Rock,1
2427,Genno,Shino,1
2428,Genno,Kiba,1
2429,Komei,Ninja,1
2430,Genno,Kakashi,1
2431,Genno,Ino,1
2432,Komei,Tenten,1
2433,Genma,SAKE,1
2434,Kin,–,1
2435,Kinuta,Naruto,1
2436,Kinuta,Orochimaru,1
2437,Genin,Hanabi,1
2438,Kunijiro,Shizune,1
2439,Genin,Konohamaru,1
2440,Kunijiro,Tsunade,1
2441,Kunoichi,Natsuhi,1
2442,Kunoichi,Neji,1
2443,Kunoichi,Orochimaru,1
2444,Genin,Hokage,1
2445,Kunoichi,Sumaru,1
2446,Genin,Jiraiya,1
2447,Kurama,Kurenai,1
2448,Gekko,Sasuke,1
2449,Genin,Iruka,1
2450,Genin,Kunihisa,1
2451,Genin,Kunoichi,1
2452,Kung,Naruto,1
2453,Genins,Iruka,1
2454,Kunihisa,–,1
2455,Kunihisa,Shizune,1
2456,Kinuta,Sasuke,1
2457,Gensho,Rokkaku,1
2458,Giichi,Mommy,1
2459,Kisame,Kurosuki,1
2460,Kisame,Lee,1
2461,Giichi,Grampa,1
2462,Gentle,Hyuga,1
2463,Gensho,Sensei,1
2464,Gensho,Ryudouin,1
2465,Gensho,Might,1
2466,Kunihisa,Papa,1
2467,Konohamaru,Tonton,1
2468,Gekko,Sakura,1
2469,Genjutsu,Kabuto,1
2470,Konohamaru,Zabuza,1
2471,Kuni,–,1
2472,Kunihisa,Kunijiro,1
2473,Genin,Katsuyu,1
2474,Leaf,Uma,1
2475,Gamakichi,The,1
2476,Fifth,Ninja,1
2477,Leaf,Tori,1
2478,Kuromaru,Shino,1
2479,Kurobachi,Shino,1
2480,Gatô,Sharingan,1
2481,Kurenai,Neji,1
2482,Gatô,Naruto,1
2483,Gatô,Mommy,1
2484,Gatô,Mizukage,1
2485,Kurenai,Rock,1
2486,Gatô,Inari,1
2487,Gatô,Grampa,1
2488,Kurenai,Secret,1
2489,Gatô,Giichi,1
2490,Kurenai,Shinobi,1
2491,Gatsu,Gosunkugi,1
2492,Gato,Sharingan,1
2493,Kurenai,Uroko,1
2494,Kurenai,a,1
2495,Gantetsu,the,1
2496,Leader,Naruto,1
2497,Leaf,Ne,1
2498,Kyuroku,Naruto,1
2499,Kurosuki,Pervy,1
2500,Gantetsu,Roger,1
2501,Gantetsu,Rock,1
2502,Gantesu,Sakura,1
2503,Gantesu,Rock,1
2504,Kurosuki,Tenten,1
2505,Kurosuki,Zabuza,1
2506,Gantetsu,Tsuzumi,1
2507,Leaf,Natsuhi,1
2508,Gantesu,Naruto,1
2509,Gantesu,Gantetsu,1
2510,Leaf,Mark,1
2511,Leaf,Menma,1
2512,Leaf,Mi,1
2513,Leaf,Mizuki,1
2514,Gamble,Naruto,1
2515,Kurenai,an,1
2516,Gato,Mizukage,1
2517,Kurenai,that,1
2518,Leaf,Roger,1
2519,Gaara,Moso,1
2520,Lee,Tamaya,1
2521,Lee,Sarutobi,1
2522,Gamabunta,Tyson,1
2523,Lee,Nanafushi,1
2524,Lee,Mizura,1
2525,Leaf,Raido,1
2526,Gamatatsu,The,1
2527,Gaara,Pop,1
2528,Leaf,Sarutobi,1
2529,Gamatatsu,Manda,1
2530,Gamatatsu,Katsuyu,1
2531,Leaf,Shinobi,1
2532,Leaf,Shizune,1
2533,Leaf,The,1
2534,Gamatatsu,Jiraiya,1
2535,Lee,Shura,1
2536,Lee,Shino,1
2537,Gato,Hokage,1
2538,Gaara,the,1
2539,Leaf,Neji,1
2540,Gatô,Tazuna,1
2541,Gamble,Kakashi,1
2542,Leaf,Pervy,1
2543,Gamabunta,Temari,1
2544,Gama,Toad,1
2545,Gama,Gamabunta,1
2546,Gaara,Vine,1
2547,Gaara,Sharingan,1
2548,Lee,Roger,1
2549,Lee,Rokkaku,1
2550,Gaara,The,1
2551,Gamabunta,Toad,1
2552,Gaara,Tenten,1
2553,Lee,Sasu,1
2554,Gaara,Shinobi,1
2555,Genins,Hokage,1
2556,Genin,Tamaya,1
2557,Konohomaru,Return,1
2558,Kotetsu,Sakura,1
2559,Dojo,Sakura,1
2560,Ding-dong.,Dong,1
2561,Ding-dong-ding,Dong,1
2562,Naruto,Seaweed,1
2563,Dosu,Tyson,1
2564,Monkey,The,1
2565,Monkey,Sarutobi,1
2566,Monkey,Orochimaru,1
2567,Mark,Ole,1
2568,Mark,Orochimaru,1
2569,Mark,Sanchez,1
2570,Mark,Tyson,1
2571,Mark,the,1
2572,G-Guy,Naruto,1
2573,G-Guy,Lee,1
2574,Matsuri,Seimei,1
2575,G-Guy,Tsunade,1
2576,Dojo,Shikamaru,1
2577,Naruto,Sakur--,1
2578,Dojo,Tsunade,1
2579,Dosu,Ole,1
2580,Dan,Naruto,1
2581,Naruto,Tamaya,1
2582,Ding,Dong,1
2583,Naruto,Senta,1
2584,Naruto,Seimei,1
2585,Dosu,Sanchez,1
2586,Dosu,Orochimaru,1
2587,Dosu,Naruto,1
2588,Dojo,roger,1
2589,Naruto,Renga,1
2590,Naruto,Return,1
2591,Dosu,Kazekage,1
2592,Dosu,Kakashi,1
2593,Dong,ding-dong-ding,1
2594,Dong,Mai,1
2595,Naruto,Ryuko,1
2596,Matsuri,Shikamaru,1
2597,Fukusuke,ldate,1
2598,Fukusuke,Oli,1
2599,Manji,Ninja,1
2600,Ma,Sagi,1
2601,Ma,Zu,1
2602,Gaara,Hyuga,1
2603,Mai,Tsukiko,1
2604,Mai,–Tsukiko?,1
2605,Gaara,Harmonia,1
2606,GAI,–,1
2607,Fuki,Rogue,1
2608,Lightning,Tyson,1
2609,Menma,Shiin,1
2610,Menma,Shizune,1
2611,Fuki,Neji,1
2612,Fifth,SAKE,1
2613,Mizuki,lt,1
2614,Fifth,Rock,1
2615,Fifth,Raido,1
2616,Gaara,Infinite,1
2617,Gaara,Iruka,1
2618,Fukusuke,Naruto,1
2619,Manji,Tazuna,1
2620,Fukusuke,Kyuroku,1
2621,Fuku,Pervy,1
2622,Fuku,Naruto,1
2623,Menma,Rasengan,1
2624,Menma,Sakura,1
2625,McCoy,Neji,1
2626,Manji,Zabuza,1
2627,GAI,ZABUSA,1
2628,Lightning,Neji,1
2629,Gaara,Konohamaru,1
2630,Gaara,Komei,1
2631,Gaara,Kabuto,1
2632,Lee,a,1
2633,Lee,lt,1
2634,Lee,that,1
2635,Gaara,Kabuki,1
2636,Naruto,Tiger,1
2637,Dan,Pervy,1
2638,Darudo,Kunihisa,1
2639,Naruto,Ocarina,1
2640,Naruto,Ne,1
2641,Enma,Sarutobi,1
2642,Enma,Saru,1
2643,Enma,Orochimaru,1
2644,Enma,Monkey,1
2645,Naruto,North,1
2646,FATSO~,Naruto,1
2647,Ebisu,Pervy,1
2648,Enma,The,1
2649,Ebisu,Orochimaru,1
2650,Ebisu,Mizuki,1
2651,Ebisu,Kakashi,1
2652,Dozaemon,Naruto,1
2653,Doubtless,Lee,1
2654,Naruto,Pop,1
2655,Naruto,Pops,1
2656,Naruto,Nawaki,1
2657,Gaara,Leaf,1
2658,Nanafushi,roger,1
2659,Kujaku,the,1
2660,Hokage,Hoshikage,1
2661,Kujaku,Lee,1
2662,Kujaku,Mizura,1
2663,Kujaku,Naruto,1
2664,Kujaku,Ninja,1
2665,Genin,Sakura,1
2666,Kujaku,Tenten,1
2667,Kunai,Kunihisa,1
2668,Lee,Tsunada,1
2669,Genin,Rogue,1
2670,Kunai,Proctor,1
2671,Genin,Rock,1
2672,Kunai,Zaku,1
2673,Kung,Lee,1
2674,Genins,Kakashi,1
2675,Gaara,Menma,1
2676,Naruto,Oli,1
2677,FATSO~,Sakura,1
2678,Dawn,Mubi,1
2679,Naruto,Shugoro,1
2680,Morino,Omasa,1
2681,Naruto,Puppet,1
2682,Dosu,Shikamaru,1
2683,Naruto,Shikaku,1
2684,Desert,Injure,1
2685,Naruto,Shisui,1
2686,Demon,Zabuza,1
2687,Naruto,Shukaku,1
2688,NARUTO,Naruto,1
2689,Naruto,Shun,1
2690,Demon,Sasuke,1
2691,Ding,Ding-dong-ding,1
2692,Demon,Kakashi,1
2693,Naruto,Tatsu,1
2694,Dawn,Sasuke,1
2695,Dawn,Sakura,1
2696,Doubtless,Ibiki,1
2697,Murakumo,Unkai,1
2698,NARUTO,Sasuke,1
2699,Fang,Kidomaru,1
2700,Fatso,Ninja,1
2701,Fang,Shinemon,1
2702,Fang,Sasuke,1
2703,Moso,Sand,1
2704,Moso,Shuriken,1
2705,Fang,Ninja,1
2706,Fang,Neji,1
2707,Moso,Tsurucho,1
2708,Murakumo,Tsunade,1
2709,Mubi,Sakura,1
2710,Mubi,Sasuke,1
2711,Fang,Ino-Shika-Cho,1
2712,Fang,Gosa,1
2713,Murakumo,Sensei,1
2714,Murakumo,Shino,1
2715,Murakumo,Shinobi,1
2716,Kage,Kazekage,1
2717,Sasuke,bro,1
2718,Hizashi,Mark,1
2719,Shukaku,Vine,1
2720,Ninja,Temari,1
2721,Ninja,Tenten,1
2722,Ninja,Teuchi,1
2723,Chief,that,1
2724,Chief,lt,1
2725,Ninja,Toki,1
2726,Chief,lsaribi,1
2727,Ninja,Wagarashi,1
2728,Chief,Tsunade,1
2729,Ninjas,Tazuna,1
2730,Ninjas,This,1
2731,Obito,Sasuke,1
2732,Obito,Shinobi,1
2733,Obito,The,1
2734,Ninja,Shura,1
2735,Chikara,Hail,1
2736,Ninja,Sensei,1
2737,Chikara,Fuku,1
2738,Ran,Rogue,1
2739,Bunzo,Jirocho,1
2740,An,Naruto,1
2741,Shukaku,–,1
2742,Shun,Tsunade,1
2743,Shura,The,1
2744,An,an,1
2745,An,Yuhi,1
2746,Amachi,Shino,1
2747,Shuriken,Zaku,1
2748,An,Kurenai,1
2749,Bushy-Brow,Sasuke,1
2750,Sumaru,Tsunade,1
2751,Tamaya,Tsunade,1
2752,Amaterasu,Sasuke,1
2753,Amaterasu,Pervy,1
2754,Amaterasu,Naruto,1
2755,Amachi,lsaribi,1
2756,Sis,–,1
2757,Chishima,Neji,1
2758,Neji,Zaku,1
2759,Neji,branch,1
2760,Orochimaru,Sand,1
2761,Chakra,Tenten,1
2762,Chakra,Seimei,1
2763,Chakra,Sakura,1
2764,Chakra,Ninja,1
2765,Chakra,Natsuhi,1
2766,Orochimaru,Sakon,1
2767,Orochimaru,Sanchez,1
2768,Chakra,Kunoichi,1
2769,Onbu,Shadow,1
2770,Chakra,Kujaku,1
2771,Chakra,Ino,1
2772,Orochimaru,Sharingan,1
2773,Chakras,Hinata,1
2774,Onbaa,The,1
2775,Onbaa,Sakura,1
2776,Onbaa,Onbu,1
2777,Chakra,–,1
2778,Onbaa,lt,1
2779,Neji,fatso,1
2780,Cho,Choji,1
2781,Cho,–,1
2782,Cho,Sasuke,1
2783,Cho,Sakura,1
2784,Nine-Tailed,Ninja,1
2785,Old,Orochimaru,1
2786,Nine-Tailed,Pervert,1
2787,Nine-Tailed,Tsunade,1
2788,Ninja,Pervy,1
2789,Old,Tsunade,1
2790,Ninja,Rasengen,1
2791,Ninja,Rock,1
2792,Chishima,Tenten,1
2793,Chishima,Ninja,1
2794,Nine-Tailed,Shizune,1
2795,Choji,Crow,1
2796,Old,Pervy,1
2797,Shukaku,the,1
2798,Shizune,lruka,1
2799,Yoroi,the,1
2800,Amachi,Toad,1
2801,Anko,Isaribi,1
2802,Shino,–,1
2803,Anko,Genin,1
2804,Shinobi,Tsunade,1
2805,Anko,Gekko,1
2806,Anbu,Sakura,1
2807,Shisou,Tsunade,1
2808,Anbu,Naruto,1
2809,Anbu,Lee,1
2810,Shizune,Temari,1
2811,Anko,Ninjas,1
2812,Shikamaru,that,1
2813,Shikamaru,roger,1
2814,Anko,Obito,1
2815,Shikaku,Tsunade,1
2816,Aoi,The,1
2817,Aoi,Shinobi,1
2818,Anko,Jutsu,1
2819,Anko,Kabuto,1
2820,Anko,Kakashi,1
2821,Agira,Gensho,1
2822,ZABUSA,–,1
2823,a,the,1
2824,ding-dong-ding,–Tsukiko?,1
2825,Agira,Rokkaku,1
2826,Agira,Jako,1
2827,Agira,Guy,1
2828,hitsuji,tatsu,1
2829,Agari,Tsunade,1
2830,Shino,Unkai,1
2831,Zaku,the,1
2832,Ranmaru,Zabuza,1
2833,Akatsuki,Kisame,1
2834,The,bunny,1
2835,Shino,Tobei,1
2836,Anko,Konohamaru,1
2837,Shino,Uchiha,1
2838,Shikamaru,Shukaku,1
2839,Shikamaru,Suiko,1
2840,Aoi,Oli,1
2841,Akimichi,Kiba,1
2842,Temari,a,1
2843,Amachi,Anko,1
2844,Tenten,Tsunade,1
2845,Amachi,Naruto,1
2846,Tenten,Uzumaki,1
2847,Akio,Gon,1
2848,Akimichi,Shikamaru,1
2849,The,Todoroki,1
2850,Temari,Tsunade,1
2851,The,Tonton,1
2852,The,Tsuzumi,1
2853,The,Yurinojou,1
2854,Akatsuki,Roger,1
2855,Akio,na,1
2856,Toad,that,1
2857,Tazuna,The,1
2858,Temari,Tyson,1
2859,Amachi,Genin,1
2860,Aoi,Jelly,1
2861,Shikamaru,Zaku,1
2862,Shikamaru,Third,1
2863,Anbu,Kazekage,1
2864,Aoi,Fukusuke,1
2865,Anko,the,1
2866,Anko,Shino,1
2867,Shikamaru,Udon,1
2868,Shikamaru,Yurinojou,1
2869,Shikamaru,a,1
2870,Amachi,Hitode,1
2871,Shikamaru,fatso,1
2872,Anko,Roger,1
2873,Shikamaru,Tunneling,1
2874,Shizune,Tonton,1
2875,Anbu,Kakashi,1
2876,Anbu,Hinata,1
2877,Tazuna,squirt,1
2878,Chief,Isaribi,1
2879,Ole,Orochimaru,1
2880,Chidori,Uchiha,1
2881,Chidori,Orochimaru,1
2882,Orochimaru,lt,1
2883,Orochimaru,a,1
2884,Pervy,Rasengan,1
2885,Pervy,Uchiha,1
2886,Pervy,Rasengen,1
2887,Orochimaru,Uchiha,1
2888,Pervy,Tsukuyomi,1
2889,CHOJI,Naruto,1
2890,Byakugan,Fist,1
2891,Byakugan,Matsuri,1
2892,Raiga,Rock,1
2893,CHOJI,Sakura,1
2894,Byakugan,Genin,1
2895,Raido,Shikamaru,1
2896,Owashi,Tsunade,1
2897,Pervy,Raiga,1
2898,Byakugan,Ino-Shika-Cho,1
2899,CHOJI,Choji,1
2900,Byakugan,–,1
2901,Byakugan,the,1
2902,Nawaki,Pervy,1
2903,Natsuhi,Tsunade,1
2904,Natsuhi,Yotaka,1
2905,Choji,Rasengen,1
2906,Natsuhi,the,1
2907,Chunin,Chunins,1
2908,Choji,–,1
2909,Choji,~FATSO,1
2910,Choji,The,1
2911,Owashi,Sasuke,1
2912,Choji,Tenten,1
2913,Choji,Shun,1
2914,Natsuhiboshi,Neji,1
2915,Orochimaru,Shino,1
2916,Iruka,Oli,1
2917,Pervy,Sharingan,1
2918,Owashi,Tenten,1
2919,Byakugan,Hokuto,1
2920,Byakugan,Grandma,1
2921,Pervy,this,1
2922,Byakugan,Suzumebachi,1
2923,Byakugan,Puppet,1
2924,Carpenter,Sakura,1
2925,Byakugan,Raiga,1
2926,Byakugan,Moso,1
2927,Pervy,Sarutobi,1
2928,Byakugan,Ninja,1
2929,Raiga,Shinobi,1
2930,Byakugan,Mizura,1
2931,Bushy-Brow's,The,1
2932,Byakugan,Shadow,1
2933,Bushy-Brow's,Lee,1
2934,Chakra,Chidori,1
2935,Cha,–,1
2936,Pervy,Sage,1
2937,Cha,Sakura,1
2938,Byakugan,Menma,1
2939,Byakugan,Carpenter,1
2940,Cha,Naruto,1
2941,Byakugan,Toki,1
2942,Byakugan,Tenten,1
2943,Byakugan,The,1
2944,Byakugan,K-Kurenai,1
2945,Punk,Sasuke,1
2946,Pervy,Rogue,1
2947,Pervy,that,1
2948,Byakugan,Tunneling,1
2949,Punk,The,1
2950,Owashi,Wandering,1
2951,Byakugan,Ino,1
2952,Raido,Rock,1
2953,Pervert,Pervy,1
2954,Raido,SAKE,1
2955,Raido,Sasuke,1
2956,Byakugan,Karashi,1
2957,Byakugan,Chakra,1
2958,Orochimaru,Zaku,1
2959,Chunin,Crow,1
2960,Chunin,Grandfather,1
2961,Natsuhi,Rogue,1
2962,Naruto,squirt,1
2963,Naruto,bunny,1
2964,Naruto,d,1
2965,Chunin,Murakumo,1
2966,Chunin,Lee,1
2967,Naruto,lsaribi,1
2968,Chunin,Konohamaru,1
2969,Chunin,Kazekage,1
2970,Chunin,Kamizuru,1
2971,Chunin,Ninjas,1
2972,Chunin,Kabuto,1
2973,Naruto,this,1
2974,Chunin,Tazuna,1
2975,Chunin,Temari,1
2976,Chunins,Shinobi,1
2977,Naruto,Yashamaru,1
2978,Cursed,the,1
2979,Naruto,bro,1
2980,Chunin,Sarutobi,1
2981,Cursed,That,1
2982,Chichiyasu,Naruto,1
2983,Ole,Temari,1
2984,Chidori,Kankuro,1
2985,Chidori,Ino,1
2986,Old,Sannin,1
2987,Chichiyasu,Tsunade,1
2988,Oli,Sakura,1
2989,Oli,Sarutobi,1
2990,Oli,Sensei,1
2991,Chunin,Sensei,1
2992,Oli,Sharingan,1
2993,Chakras,Sensei,1
2994,Chakras,Lee,1
2995,Oli,Return,1
2996,Choji,FATSO~,1
2997,Neji,Tyson,1
2998,Choji,Fatty,1
2999,Cursed,Wandering,1
3000,Cursed,Jutsu,1
3001,Natsuhi,Rasengan,1
3002,Neji,Shikaku,1
3003,Neji,Rasengan,1
3004,Neji,Rock,1
3005,Choji,Pakkun,1
3006,Neji,Roger,1
3007,Choji,JIROBO,1
3008,Neji,Seimei,1
3009,Neji,Sensei,1
3010,Choji,Ibiki,1
3011,Choji,Might,1
3012,Neji,Shizune,1
3013,Choji,Hayate,1
3014,Choji,Kinuta,1
3015,Chakra,Hoshikage,1
3016,Choji,Pervy,1
3017,Choji,Shizune,1
3018,Chunin,Guy,1
3019,Neji,Ran,1
3020,Choji,Momiji,1
3021,Cursed,Hoki,1
3022,Crow,Jonin,1
3023,Naruto,Tsukuyomi,1
3024,Crow,that,1
3025,Naruto,~FATSO,1
3026,Crow,Sasuke,1
3027,Crow,Konohamaru,1
3028,Naruto,Unkai,1
3029,Naruto,Wagarashi,1
3030,Crow,Iron,1
3031,Choji,Mystery,1
3032,Naruto,Yakitori,1
3033,Clone,Shikamaru,1
3034,Crow,Lee,1
3035,Chunin,Ibiki,1
3036,Narutos,jonin,1
3037,Chunin,Hanabi,1
3038,Choji,Orochimaru,1
3039,ldate,–,1
3040,Akagi,Bunzo,1
3041,Kagero,Pervy,1
3042,Boss,Ninja,1
3043,Sand,Sarutobi,1
3044,Brow,Ino,1
3045,Brother,Sasuke,1
3046,Sand,Tenten,1
3047,Sand,The,1
3048,Big,Ibiki,1
3049,Brothel,the,1
3050,Sannin,Shizune,1
3051,Bro,Naruto,1
3052,Sannin,the,1
3053,Sansho,Uzumaki,1
3054,Bro,Konohamaru,1
3055,Bro,Iruka,1
3056,Boss,Wasabi,1
3057,Boss,Wagarashi,1
3058,Bro,Sasuke,1
3059,Sanchez,Sasuke,1
3060,Buddha,Byakugan,1
3061,Sanchez,Temari,1
3062,Buddha,Fang,1
3063,Billboard,Gaara,1
3064,Boss,Hokage,1
3065,Bones,Kimimaro,1
3066,Blaze,Naruto,1
3067,Blaze,Kiba,1
3068,Blade,Rasengan,1
3069,Blade,Jutsu,1
3070,Black,Gaara,1
3071,Bikochu,Shino,1
3072,Boss,Uzumaki,1
3073,Bikochu,Rasengan,1
3074,Bikochu,Byakugan,1
3075,Sasuke,Suzumebachi,1
3076,Big,Naruto,1
3077,Sarutobi,Shino,1
3078,Boss,Sasuke,1
3079,Boss,Tenten,1
3080,Big,Genin,1
3081,Sasuke,Tora,1
3082,B-Bushy,Rock,1
3083,Big,Chunin,1
3084,Beast,The,1
3085,Beast,Sumaru,1
3086,Sasuke,Tsuchi,1
3087,Beast,Shadow,1
3088,Beast,Natsuhi,1
3089,Sasuke,Tsurugi,1
3090,Sasuke,Tyson,1
3091,Sasuke,U,1
3092,Sasuke,lnu,1
3093,Beast,Kujaku,1
3094,Beast,Kiba,1
3095,Beast,Hokuto,1
3096,Bastard,Wagarashi,1
3097,Bastard,Tsunade,1
3098,Bastard,Jirocho,1
3099,Sasuke,ldate,1
3100,Beast,Yotaka,1
3101,Bastard,Fukusuke,1
3102,Asuma,a,1
3103,Shadow,Shikamaru,1
3104,Seimei,The,1
3105,Sensei,Unkai,1
3106,Asuma,Sensei,1
3107,Asuma,Neji,1
3108,Sensei,lsaribi,1
3109,Sensei,–,1
3110,Asuma,Konohamaru,1
3111,Shadow,Shino,1
3112,Baki,Naruto,1
3113,Shadow,Tenten,1
3114,Shadow,The,1
3115,Shadow,Tyson,1
3116,Shadow,the,1
3117,Sharingan,The,1
3118,Asuma,Genin,1
3119,Baki,Gamabunta,1
3120,Boss,Neji,1
3121,Sarutobi,The,1
3122,Akagi,Kakashi,1
3123,Boss,Raiga,1
3124,Hokage,Raijin,1
3125,Hokage,Poccha,1
3126,Hokage,Pervy,1
3127,Hokage,Pakkun,1
3128,Kabuki,Suiko,1
3129,Hokage,Neji,1
3130,Hokage,Mondai,1
3131,Hitode,Itachi,1
3132,Kakashi,Kidomaru,1
3133,Kakashi,Kin,1
3134,Hinata,branch,1
3135,Hayate,Tyson,1
3136,Hayate,The,1
3137,Kakashi,Tori,1
3138,Hayate,Sensei,1
3139,Hayate,Sanchez,1
3140,Kakashi,Yoroi,1
3141,K-Karashi,L-Lee,1
3142,K-Karashi,Karashi,1
3143,Hokage,Roger,1
3144,Kabuto,Kekkai,1
3145,Kagero,Rasengan,1
3146,Kagero,the,1
3147,Hitsuji,Leaf,1
3148,Kagetsu,Tobei,1
3149,Kage,Kakashi,1
3150,Kabuto,Nawaki,1
3151,Hokage,Kotetsu,1
3152,Hokage,Shadow,1
3153,K-Kakashi,Kekkei,1
3154,Jutsu,Wandering,1
3155,Jutsu,Yurinojou,1
3156,Jutsu,Zabuza,1
3157,Jutsu,lt,1
3158,Hokage,Sannin,1
3159,Jutsus,Kakashi,1
3160,Hokage,Rogue,1
3161,Hayate,Sakura,1
3162,Kakashi,Zaku,1
3163,Kakashi,a,1
3164,Kakashi,Saru,1
3165,Hinata,Murakumo,1
3166,Hinata,Momiji,1
3167,Hinata,Misogi,1
3168,Hinata,Leaf,1
3169,Kakashi,Roger,1
3170,Hinata,Kurobachi,1
3171,Hinata,Kankuro,1
3172,Hinata,Jonin,1
3173,Kakashi,Ne,1
3174,Kakashi,Shadow,1
3175,Kakashi,Shikaku,1
3176,Kakashi,Tatsu,1
3177,Hiashi,Sanchez,1
3178,Daimyo,Kakashi,1
3179,Fang,Jutsu,1
3180,DOJO,Naruto,1
3181,Hinata,Shizune,1
3182,Kakashi,Moya,1
3183,Kakashi,squirt,1
3184,Kankuro,Shikamaru,1
3185,Hayate,Roger,1
3186,Hayate,Ole,1
3187,Hayate,Naruto,1
3188,Kankuro,Kunoichi,1
3189,Hayate,Jutsu,1
3190,Kankuro,Orochimaru,1
3191,Hayate,Ino,1
3192,Hatake,Ninja,1
3193,Kakashi,Moso,1
3194,Kakashi,Tiger,1
3195,Jutsu,Toad,1
3196,Hiashi,Ole,1
3197,Hidden,Hoshikage,1
3198,Kakashi,Komei,1
3199,Kakashi,Kunoichi,1
3200,Kakashi,Kurosuki,1
3201,Beast,Mizura,1
3202,Sakura,~FATSO,1
3203,Buddha,Idate,1
3204,Sakura,that,1
3205,Akamaru,Anbu,1
3206,Akahoshi,Rogue,1
3207,Akahoshi,Ninja,1
3208,Ushi,hitsuji,1
3209,Tsunade,Yotaka,1
3210,Akamaru,Iruka,1
3211,Tsunade,Yagura,1
3212,Tsunade,Uchiha,1
3213,Todoroki,na,1
3214,Akatsuki,Jutsu,1
3215,Akatsuki,Jiraiya,1
3216,Akamaru,Unkai,1
3217,Akamaru,Torpedo,1
3218,Akamaru,Sound,1
3219,Akamaru,Sensei,1
3220,Akamaru,Onbaa,1
3221,Akahoshi,Kunoichi,1
3222,Akamaru,Bikochu,1
3223,Akamaru,Buddha,1
3224,Akamaru,Crow,1
3225,Tsunade,Yurinojou,1
3226,Sakura,Sassme,1
3227,Burn,Chidori,1
3228,Sakura,Seaweed,1
3229,Sakon,Sakura,1
3230,Sharingan,bunny,1
3231,Sharingan,the,1
3232,Shikaku,Shikamaru,1
3233,Tsunade,Yurinoshin,1
3234,Tyson,the,1
3235,Tsunade,bro,1
3236,Tsunade,lruka,1
3237,Akamaru,Humph,1
3238,Akamaru,Harmonia,1
3239,Akamaru,Grandma,1
3240,Tsurugi,Yoroi,1
3241,Tsuzumi,the,1
3242,Akamaru,Oli,1
3243,Akamaru,Kimimaro,1
3244,Akamaru,Kidomaru,1
3245,A-Anko,Anko,1
3246,2K,Gaara,1
3247,-zu-ma-ki,Sakura,1
3248,-zu-ma-ki,Byakugan,1
3249,that,the,1
3250,-ter,the,1
3251,-ter,Naruto,1
3252,-ter,Harem,1
3253,Todoroki,Tsuzumi,1
3254,ponkan,–Tsukiko?,1
3255,Agari,Kiba,1
3256,Agari,Naruto,1
3257,Akagi,Shugoro,1
3258,Akagi,Senta,1
3259,Wandering,the,1
3260,Yagura,–,1
3261,Akagi,Sasuke,1
3262,2K,Naruto,1
3263,lnu,tatsu,1
3264,Transform,lruka,1
3265,Akahoshi,Byakugan,1
3266,Tsubaki,lruka,1
3267,Tsukiko,ponkan,1
3268,Tsukiko,the,1
3269,Tsukiko,–Tsukiko?,1
3270,Tsunada,–,1
3271,Akamaru,Misogi,1
3272,Akahoshi,Granny,1
3273,Ushi,uma,1
3274,A-Anko,Naruto,1
3275,Agari,Hokage,1
3276,Agari,Hinata,1
3277,Abumi,the,1
3278,Abumi,Sakura,1
3279,mi,tatsu,1
3280,Abumi,Naruto,1
3281,A-Anko,Shino,1
3282,Burn,Dan,1
3283,Sakon,Willow,1
3284,Sakon,Tunneling,1
3285,Bushy,The,1
3286,Bushy,Ranmaru,1
3287,Rasengan,Sakon,1
3288,Bushy,the,1
3289,Bushy,U-zu-ma-ki,1
3290,Bushy,Tsuzumi,1
3291,Bushy,Todoroki,1
3292,Rasengan,Tunneling,1
3293,Rasengen,Sakura,1
3294,Rock,Todoroki,1
3295,Bushy,Harmonia,1
3296,Bushy,Sansho,1
3297,Renga,Yurinojou,1
3298,Rock,Roger,1
3299,Rock,SAKE,1
3300,Bushy,Sand,1
3301,Rock,Sand,1
3302,Rock,The,1
3303,Rock,Tsuzumi,1
3304,Bushy,Rokkaku,1
3305,Roger,The,1
3306,Rock,Uzumaki,1
3307,Rock,Yakumo,1
3308,Rock,the,1
3309,Rock,–,1
3310,Roger,Rogue,1
3311,Roger,Sakura,1
3312,Bushy,Leaf,1
3313,Roger,Tsuzumi,1
3314,Rokkaku,Sensei,1
3315,Roger,the,1
3316,Bushy,Jako,1
3317,Rogue,Sharingan,1
3318,Bushy,Intense,1
3319,Rogue,The,1
3320,Rogue,the,1
3321,Rokkaku,Ryudouin,1
3322,Bushy,Rokusuke,1
3323,Rock,Sensei,1
3324,Burn,Konohomaru,1
3325,Ryuko,Wasabi,1
3326,Sakura,roger,1
3327,Buddha,Kidomaru,1
3328,Sharingan,a,1
3329,Bunzo,Naruto,1
3330,Sakura,Secret,1
3331,Bushy,Crow,1
3332,Ryuko,Wagarashi,1
3333,Bushy,Bushy-Brows,1
3334,Buddha,Ino-Shika-Cho,1
3335,Burn,a,1
3336,Sagi,Shikamaru,1
3337,Sagi,Tsunade,1
3338,Burn,Rasengan,1
3339,Sakura,Shinobi,1
3340,Burn,Nawaki,1
3341,Burn,Lee,1
3342,Sakura,lt,1
3343,Sakura,lno,1
3344,Renga,Ruiga,1
3345,Sakura,Transform,1
3346,Bushy,Grandpa,1
3347,Rokusuke,The,1
3348,Bushy,Genin,1
3349,Sakura,Sound,1
3350,Buddy,Kiba,1
3351,Buddha,Tayuya,1
3352,Buddha,Sakon,1
3353,Buddha,Roger,1
3354,Buddha,Jirobo,1
3355,Buddha,Orochimaru,1
3356,Buddha,Neji,1
3357,Sakura,Shura,1
3358,Sakura,Ya,1
3359,Buddha,Kakashi,1
3360,Buddha,Jirocho,1
3361,Buddha,Jirochi,1
3362,Intense,Sakura,1
